/*
 Navicat Premium Dump SQL

 Source Server         : communitySport
 Source Server Type    : MySQL
 Source Server Version : 80037 (8.0.37)
 Source Host           : localhost:3307
 Source Schema         : communitySport

 Target Server Type    : MySQL
 Target Server Version : 80037 (8.0.37)
 File Encoding         : 65001

 Date: 31/12/2025 14:19:37
*/

SET NAMES utf8mb4;
SET FOREIGN_KEY_CHECKS = 0;

-- ----------------------------
-- Table structure for auth_refresh_token
-- ----------------------------
DROP TABLE IF EXISTS `auth_refresh_token`;
CREATE TABLE `auth_refresh_token`  (
  `id` bigint NOT NULL AUTO_INCREMENT COMMENT '主键',
  `user_id` bigint NOT NULL COMMENT '用户ID',
  `token_hash` varchar(255) CHARACTER SET utf8mb4 COLLATE utf8mb4_0900_ai_ci NOT NULL COMMENT 'RefreshToken哈希(建议SHA-256后存储)',
  `device_id` varchar(100) CHARACTER SET utf8mb4 COLLATE utf8mb4_0900_ai_ci NULL DEFAULT NULL COMMENT '设备ID(可选)',
  `expires_at` datetime NOT NULL COMMENT '过期时间',
  `revoked` tinyint NOT NULL DEFAULT 0 COMMENT '是否吊销(1是,0否)',
  `created_at` datetime NOT NULL DEFAULT CURRENT_TIMESTAMP COMMENT '创建时间',
  `last_used_at` datetime NULL DEFAULT NULL COMMENT '最后使用时间',
  PRIMARY KEY (`id`) USING BTREE,
  INDEX `idx_auth_refresh_token_user_id`(`user_id` ASC) USING BTREE,
  INDEX `idx_auth_refresh_token_expires_at`(`expires_at` ASC) USING BTREE,
  CONSTRAINT `fk_auth_refresh_token_user` FOREIGN KEY (`user_id`) REFERENCES `sys_user` (`id`) ON DELETE RESTRICT ON UPDATE RESTRICT
) ENGINE = InnoDB AUTO_INCREMENT = 226 CHARACTER SET = utf8mb4 COLLATE = utf8mb4_0900_ai_ci COMMENT = 'Refresh Token表(双Token模式)' ROW_FORMAT = Dynamic;

-- ----------------------------
-- Records of auth_refresh_token
-- ----------------------------
INSERT INTO `auth_refresh_token` VALUES (1, 1, '4d0903c6e1f156a0b5299af37dfc9ea10020f750874c33e2a02d9df04318c4b2', NULL, '2025-12-30 21:56:43', 0, '2025-12-23 13:56:43', '2025-12-23 21:56:44');
INSERT INTO `auth_refresh_token` VALUES (2, 1, '9eb98e1212964b9e912fe3508e65027f69a137211c3ab515baf12dcdbfc8df7b', NULL, '2025-12-30 22:17:30', 0, '2025-12-23 14:17:30', '2025-12-23 22:17:31');
INSERT INTO `auth_refresh_token` VALUES (3, 1, '66604ea684daf8451f179acb36c3697ed5cbe386dd59150bbb83e921e48fc71d', NULL, '2025-12-30 22:18:02', 0, '2025-12-23 14:18:02', '2025-12-23 22:18:02');
INSERT INTO `auth_refresh_token` VALUES (4, 1, '76f1366787e874d216e9a91342878eac6509f24ecb79c7a44ed30f5eb6f632bd', NULL, '2025-12-30 22:34:27', 1, '2025-12-23 14:34:27', '2025-12-23 22:34:27');
INSERT INTO `auth_refresh_token` VALUES (5, 1, '5c1b825217c3f0144dcd4c643c6d238196a7fd9bf4424b208efd2e1803fe259e', NULL, '2025-12-31 09:45:04', 0, '2025-12-24 01:45:04', '2025-12-24 09:45:05');
INSERT INTO `auth_refresh_token` VALUES (6, 1, '408c613f7907b8ff93529507eb0b86e5b6bc0d47dc4de4b419f3f103b8e844ef', NULL, '2025-12-31 09:48:24', 0, '2025-12-24 01:48:24', '2025-12-24 09:48:24');
INSERT INTO `auth_refresh_token` VALUES (7, 1, 'a0789891e3f9f9e0ad9c20205e7e5808531adce504d3bd611263fe382220f443', NULL, '2025-12-31 09:57:10', 0, '2025-12-24 01:57:10', '2025-12-24 09:57:11');
INSERT INTO `auth_refresh_token` VALUES (8, 1, 'c2938b30a9582d0412eb980075a138250a3006115db970370e33a4d6bcb112f3', NULL, '2025-12-31 09:58:26', 0, '2025-12-24 01:58:26', '2025-12-24 09:58:26');
INSERT INTO `auth_refresh_token` VALUES (9, 1, '231f724093e50e33199678467a385a7912fe1d17dd2440db667df1818cf49764', NULL, '2025-12-31 10:08:00', 0, '2025-12-24 02:08:00', '2025-12-24 10:08:01');
INSERT INTO `auth_refresh_token` VALUES (10, 1, '9beb62140d93e2f3c4477293aca3af14a01cbfd09b6c31ff2e4c359d737d92ef', NULL, '2025-12-31 10:20:58', 0, '2025-12-24 02:20:58', '2025-12-24 10:20:58');
INSERT INTO `auth_refresh_token` VALUES (11, 1, '9dbfe30a4be57da4728a306c1e2414cc5d6ea8bf71cad2dedcb00420e0bef405', NULL, '2025-12-31 10:46:46', 0, '2025-12-24 02:46:46', '2025-12-24 10:46:47');
INSERT INTO `auth_refresh_token` VALUES (12, 1, '8ad0f5f9e3447a4035801ed0a9bb08b59217165e0473692562b35dfa48e5b333', NULL, '2025-12-31 10:50:20', 0, '2025-12-24 02:50:20', '2025-12-24 10:50:20');
INSERT INTO `auth_refresh_token` VALUES (13, 1, '1bde5cd35e82e972fecba62376ac35ecff4ef08fe3fbea0c45503088888fbbd7', NULL, '2025-12-31 11:10:18', 0, '2025-12-24 03:10:18', '2025-12-24 11:10:19');
INSERT INTO `auth_refresh_token` VALUES (14, 1, 'd70e7b14fbcd03c08fffc93f5d1b4f7f1fd894c07fba724cde3fcb26c1870ea3', NULL, '2025-12-31 12:27:42', 0, '2025-12-24 04:27:42', '2025-12-24 12:27:43');
INSERT INTO `auth_refresh_token` VALUES (15, 1, 'd425516ed962d8fecf7f8e387ef329bb32229a8b7f583d7c18405cc37db69238', NULL, '2025-12-31 12:49:22', 0, '2025-12-24 04:49:22', '2025-12-24 12:49:23');
INSERT INTO `auth_refresh_token` VALUES (16, 3, '58607e39441652725c304c4405547448d508ac259eed5431b5833c42dff1a4b5', 'pc', '2025-12-31 13:36:05', 0, '2025-12-24 05:36:05', '2025-12-24 13:36:05');
INSERT INTO `auth_refresh_token` VALUES (17, 1, '99462bb0933d619cb8b47783fed764546eef78a7c5b511dfc6b7d40f241a866b', 'pc-admin', '2025-12-31 13:40:29', 0, '2025-12-24 05:40:29', '2025-12-24 13:40:29');
INSERT INTO `auth_refresh_token` VALUES (18, 1, '4a65fe01a79cf8b06d834950b361f0b1bd065f1826bb9e62d6e9e1811bb3d3c4', NULL, '2025-12-31 20:12:55', 0, '2025-12-24 12:12:55', '2025-12-24 20:12:56');
INSERT INTO `auth_refresh_token` VALUES (19, 3, '8821382c708d23fd869c7cb07be14ad959781bdbd554ee545db5d5e2cc5a98d9', NULL, '2025-12-31 20:13:24', 1, '2025-12-24 12:13:24', '2025-12-24 20:52:59');
INSERT INTO `auth_refresh_token` VALUES (20, 3, '196c8a15b9ffaa1737433846aed55e0e0faf32a47113ef6abf712fe4f20518cb', 'dev-001', '2025-12-31 20:52:58', 0, '2025-12-24 12:52:58', '2025-12-24 20:52:59');
INSERT INTO `auth_refresh_token` VALUES (21, 4, 'aa1c66612c1db5ca1929a7f2064c82b04ebd10720b4f3443b545a9aa0249c98c', 'device-001', '2026-01-01 12:32:12', 0, '2025-12-25 04:32:12', '2025-12-25 12:32:12');
INSERT INTO `auth_refresh_token` VALUES (22, 3, 'ccd272ec82902861af660747fbeaba1b345f5a3f3ac7a89695056c9f6159f967', NULL, '2026-01-01 12:34:21', 0, '2025-12-25 04:34:21', '2025-12-25 12:34:21');
INSERT INTO `auth_refresh_token` VALUES (23, 4, '56c4cd7205f006b3e0fa1b39c554839d2079a76af16dcd89c7acb74db1ddb7ea', NULL, '2026-01-01 13:28:30', 0, '2025-12-25 05:28:30', '2025-12-25 13:28:31');
INSERT INTO `auth_refresh_token` VALUES (24, 3, '438406c82388f18ec88d733f56ee3a6116a8750496adaa03124c441539b29b6d', NULL, '2026-01-01 13:30:03', 0, '2025-12-25 05:30:03', '2025-12-25 13:30:03');
INSERT INTO `auth_refresh_token` VALUES (25, 3, 'b1a23be4cd6191c4898d0d3cdc21fad23f72fd5113d9bb92e2afac5405ad4039', NULL, '2026-01-01 13:53:14', 0, '2025-12-25 05:53:14', '2025-12-25 13:53:15');
INSERT INTO `auth_refresh_token` VALUES (26, 4, '91494288c77ab50f7afcd3e39d0972d1f3b92b20078715336b3050b238034535', NULL, '2026-01-01 13:53:31', 0, '2025-12-25 05:53:31', '2025-12-25 13:53:31');
INSERT INTO `auth_refresh_token` VALUES (27, 4, 'b1ee7577a361222bda16d89ee9b8ef6dc9169c8c443e1d673f29cfc11c9dc62e', NULL, '2026-01-01 21:16:06', 0, '2025-12-25 13:16:06', '2025-12-25 21:16:07');
INSERT INTO `auth_refresh_token` VALUES (28, 4, '22028a0fb3230c0e6b7293106e95755452beb40e03de0c467f78fdfe6584b310', NULL, '2026-01-03 12:41:05', 0, '2025-12-27 04:41:05', '2025-12-27 12:41:06');
INSERT INTO `auth_refresh_token` VALUES (29, 1, '88d40c364076463456d40b5a66cdf42721a9189460d0d375d91f52be7ece3c14', NULL, '2026-01-03 12:41:12', 0, '2025-12-27 04:41:12', '2025-12-27 12:41:13');
INSERT INTO `auth_refresh_token` VALUES (30, 4, 'ee3a7afa8d29e88ee506d1b7f5ace3ebb39baa90392877b2d01727d599c7de54', NULL, '2026-01-03 13:10:19', 0, '2025-12-27 05:10:19', '2025-12-27 13:10:20');
INSERT INTO `auth_refresh_token` VALUES (31, 4, '565531295e72a38eea673503b9becf3d429a86facabb48415d098c8a24266395', NULL, '2026-01-03 13:11:53', 0, '2025-12-27 05:11:53', '2025-12-27 13:11:53');
INSERT INTO `auth_refresh_token` VALUES (32, 3, '3ef295e4a1ee2ee78f3056686c1006d6554a89fbb73d12674f19efb322cd29e9', NULL, '2026-01-03 13:49:18', 0, '2025-12-27 05:49:18', '2025-12-27 13:49:19');
INSERT INTO `auth_refresh_token` VALUES (33, 4, '0c54a8a7409b0e21dc31e5595218123c0499e548b4392b251c6eb5fd811b4b24', NULL, '2026-01-03 13:52:39', 0, '2025-12-27 05:52:39', '2025-12-27 13:52:39');
INSERT INTO `auth_refresh_token` VALUES (34, 4, 'cbfc07d61460fc626083f2dd3874692f582ff4803265303103b80a13032a3afe', NULL, '2026-01-04 11:43:31', 0, '2025-12-28 03:43:31', '2025-12-28 11:43:31');
INSERT INTO `auth_refresh_token` VALUES (35, 3, 'cb6a7b769d7951559c76215044a54eb35f1eabda782a0de2025e8961a6244f32', NULL, '2026-01-04 11:46:07', 0, '2025-12-28 03:46:07', '2025-12-28 11:46:07');
INSERT INTO `auth_refresh_token` VALUES (36, 4, 'dec23b6962bc9262be619dd6adc08fa5a35722dad92e507c7a2802cb4cc4d7b3', NULL, '2026-01-04 12:36:19', 0, '2025-12-28 04:36:19', '2025-12-28 12:36:19');
INSERT INTO `auth_refresh_token` VALUES (37, 3, '7c00e03855c13aa15e2746c673a1b484398709fb1058eb8b361ccd1588c82ca5', NULL, '2026-01-04 12:36:48', 0, '2025-12-28 04:36:48', '2025-12-28 12:36:48');
INSERT INTO `auth_refresh_token` VALUES (38, 4, 'b6a876187f5fb32e6587b80b0f093d70fa1f0168266ad9d03a322c5d3d8adadb', 'pc', '2026-01-04 12:49:29', 0, '2025-12-28 04:49:29', '2025-12-28 12:49:29');
INSERT INTO `auth_refresh_token` VALUES (39, 3, 'd2b6f23f5d74aefd9553837ced411b96aa25c56b0b899497bfb689ccb6a7e477', 'pc', '2026-01-04 12:49:29', 0, '2025-12-28 04:49:29', '2025-12-28 12:49:29');
INSERT INTO `auth_refresh_token` VALUES (40, 1, '1162a021dac52ff8ede39bdc60446e9e8fa2a1b3173175bfe0ea8767682b8ab9', 'pc', '2026-01-04 13:33:16', 0, '2025-12-28 05:33:16', '2025-12-28 13:33:16');
INSERT INTO `auth_refresh_token` VALUES (41, 1, '7159a578747f0a320b659d0948362c02e6bb097b833d84770dac73a8aef119d7', 'pc', '2026-01-04 13:41:54', 0, '2025-12-28 05:41:54', '2025-12-28 13:41:55');
INSERT INTO `auth_refresh_token` VALUES (42, 4, '4983ed6d27d0b9b5e47222b29e55cef7a22bc7ed37879c20f25cc8ba643792c1', 'pc', '2026-01-04 14:21:57', 0, '2025-12-28 06:21:57', '2025-12-28 14:21:57');
INSERT INTO `auth_refresh_token` VALUES (43, 1, '12dd2e9816d9d4e335ada1f48352290f42f6c76c78689ab0d03fe8631e11abc2', 'pc', '2026-01-04 14:21:57', 0, '2025-12-28 06:21:57', '2025-12-28 14:21:57');
INSERT INTO `auth_refresh_token` VALUES (44, 4, '2d639cd1f70e1b8a8acb25a2f631ef72cff2f4c0bdff5def3aa44224eb2eab50', 'pc', '2026-01-04 21:10:58', 0, '2025-12-28 13:10:58', '2025-12-28 21:10:58');
INSERT INTO `auth_refresh_token` VALUES (45, 1, 'd50f93507beb74b4f1b245f50edeab288bd812554b1e699379ead4387e9e3976', 'pc', '2026-01-04 21:38:08', 0, '2025-12-28 13:38:08', '2025-12-28 21:38:08');
INSERT INTO `auth_refresh_token` VALUES (46, 4, '2d18932f0517b51d1cb74651b2ba9245f846f309a36e4e94482ee3bbae1a58ab', '1766953259985_a9cc8cfd3d6548', '2026-01-05 04:21:00', 1, '2025-12-28 20:21:00', '2025-12-29 09:00:18');
INSERT INTO `auth_refresh_token` VALUES (47, 4, '990755c30d2fb44e9c2ca091b84c6ec7a647d8068d2025634c6b359d6d3559ca', '1766953259985_a9cc8cfd3d6548', '2026-01-05 09:00:17', 0, '2025-12-29 01:00:17', '2025-12-29 09:00:18');
INSERT INTO `auth_refresh_token` VALUES (48, 4, 'ea3cd787efc686a3998a4508652ed6650c822d229cc00fd2d39a257f232da14b', '1766953259985_a9cc8cfd3d6548', '2026-01-05 09:00:17', 1, '2025-12-29 01:00:17', '2025-12-29 09:50:22');
INSERT INTO `auth_refresh_token` VALUES (49, 4, '916617dbde2607e3841e2a5d940cb993c3e27e7f73bd4fb0fa8acf7a843d718f', '1766953259985_a9cc8cfd3d6548', '2026-01-05 09:50:22', 0, '2025-12-29 01:50:22', '2025-12-29 09:50:22');
INSERT INTO `auth_refresh_token` VALUES (50, 4, '37d4bac186e8e2b3c5e64f03e1e785692120ff692132a0dfb8c4bae9300ed1f9', '1766953259985_a9cc8cfd3d6548', '2026-01-05 09:50:22', 0, '2025-12-29 01:50:22', '2025-12-29 09:50:22');
INSERT INTO `auth_refresh_token` VALUES (51, 4, 'fa7d7ca9558f414328b01e895b21a9d0481f6908637eb9d0d41149e0120e6e10', '1766953259985_a9cc8cfd3d6548', '2026-01-05 09:50:22', 0, '2025-12-29 01:50:22', '2025-12-29 09:50:22');
INSERT INTO `auth_refresh_token` VALUES (52, 4, '6e734efda281be2e70d0fcffbc4c3b74b736864f9c2773fb1afc3c1ec99830cd', '1766953259985_a9cc8cfd3d6548', '2026-01-05 09:51:17', 0, '2025-12-29 01:51:17', '2025-12-29 09:51:18');
INSERT INTO `auth_refresh_token` VALUES (53, 4, 'ddc77254f9e658f7914321923ace6098d327f741d7a78030199171d95d91cd7c', '1766953259985_a9cc8cfd3d6548', '2026-01-05 10:19:07', 0, '2025-12-29 02:19:08', '2025-12-29 10:19:08');
INSERT INTO `auth_refresh_token` VALUES (54, 3, '872cbd30e5cd7682b891f73fa0edce9da37fb5f373ad08b567cc9f331b25ea00', '1766953259985_a9cc8cfd3d6548', '2026-01-05 10:22:42', 0, '2025-12-29 02:22:42', '2025-12-29 10:22:42');
INSERT INTO `auth_refresh_token` VALUES (55, 1, '5be5e2ea71f828b22bcb3312e9043304b5d6607453087ab17a09b294f5632664', '1766953259985_a9cc8cfd3d6548', '2026-01-05 10:29:01', 1, '2025-12-29 02:29:01', '2025-12-29 11:18:31');
INSERT INTO `auth_refresh_token` VALUES (56, 1, 'b3ecb331864c48ff80bb4205e4c82742bcee02e64f2bda285e3eff986e5d5423', '1766953259985_a9cc8cfd3d6548', '2026-01-05 11:18:30', 1, '2025-12-29 03:18:30', '2025-12-29 11:50:52');
INSERT INTO `auth_refresh_token` VALUES (57, 1, 'cbd52e7070fadfb84c0b13be6abf8ef0b06a6bcedcf50b3900a9efa992fd2121', '1766953259985_a9cc8cfd3d6548', '2026-01-05 11:50:52', 1, '2025-12-29 03:50:52', '2025-12-29 12:39:58');
INSERT INTO `auth_refresh_token` VALUES (58, 4, 'a319f3fb868205722b3b36ab91b694c8cf06c6ba2abd5de11bb72daa497d44d2', '1766953259985_a9cc8cfd3d6548', '2026-01-05 11:53:58', 1, '2025-12-29 03:53:58', '2025-12-29 13:12:37');
INSERT INTO `auth_refresh_token` VALUES (59, 3, 'dd8b5a3f4128695ea651346c2d7da8b78dfd888238774647915267986e1e0c98', '1766953259985_a9cc8cfd3d6548', '2026-01-05 11:56:03', 1, '2025-12-29 03:56:03', '2025-12-29 13:07:36');
INSERT INTO `auth_refresh_token` VALUES (60, 1, '198c06ae2b1e0e2fb11289e8cfe3578681e6b2367767a4b984692ddaec6c169f', '1766953259985_a9cc8cfd3d6548', '2026-01-05 12:39:58', 1, '2025-12-29 04:39:58', '2025-12-29 13:11:27');
INSERT INTO `auth_refresh_token` VALUES (61, 3, '8a32ab513afb54859c67948c9b51daaece0e915a6bbf3ae12960aebdfb3a85fd', '1766953259985_a9cc8cfd3d6548', '2026-01-05 13:07:35', 1, '2025-12-29 05:07:35', '2025-12-29 13:47:21');
INSERT INTO `auth_refresh_token` VALUES (62, 5, '50b3e32a722a51b67edcf2dd14d78c2f09458020ce759ab19f5918ac37f9c1ce', '1766953259985_a9cc8cfd3d6548', '2026-01-05 13:09:30', 0, '2025-12-29 05:09:30', '2025-12-29 13:09:31');
INSERT INTO `auth_refresh_token` VALUES (63, 1, 'e42b57981ccc09e5a4d9f7b5de6da5385569a57feef5453381b9149fbc05d2fb', '1766953259985_a9cc8cfd3d6548', '2026-01-05 13:11:26', 0, '2025-12-29 05:11:26', '2025-12-29 13:11:27');
INSERT INTO `auth_refresh_token` VALUES (64, 4, '8a2c903e14ab8b97e750e3d4caad4ba5f5c1c6125412f802720d9d1a818c30ff', '1766953259985_a9cc8cfd3d6548', '2026-01-05 13:12:37', 1, '2025-12-29 05:12:37', '2025-12-29 13:46:33');
INSERT INTO `auth_refresh_token` VALUES (65, 1, 'ad6f018368f7f3837ecf51da7042fba9344d31301634f1201b420ee615ea67cc', '1766953259985_a9cc8cfd3d6548', '2026-01-05 13:42:03', 0, '2025-12-29 05:42:03', '2025-12-29 13:42:04');
INSERT INTO `auth_refresh_token` VALUES (66, 4, 'dbe02afdc78dc5daf2430b872fe019563e03969cafe2a38e194fff3c8a296e85', '1766953259985_a9cc8cfd3d6548', '2026-01-05 13:46:32', 0, '2025-12-29 05:46:32', '2025-12-29 13:46:33');
INSERT INTO `auth_refresh_token` VALUES (67, 3, 'db524f659185084b6f6af512f8d7dd12a511f8489d640e2f2d5dfdb617082ad7', '1766953259985_a9cc8cfd3d6548', '2026-01-05 13:47:20', 0, '2025-12-29 05:47:20', '2025-12-29 13:47:21');
INSERT INTO `auth_refresh_token` VALUES (68, 3, '752abc0436be266407ce34713c69ad6b746aacf116aaf9b628d71958e113cf08', '1766953259985_a9cc8cfd3d6548', '2026-01-05 13:47:20', 0, '2025-12-29 05:47:20', '2025-12-29 13:47:21');
INSERT INTO `auth_refresh_token` VALUES (69, 5, '12d35b4241556e7740158dddf228d5f1f94747dc7459be0ba41190343b54fc69', '1766953259985_a9cc8cfd3d6548', '2026-01-05 14:04:39', 0, '2025-12-29 06:04:39', '2025-12-29 14:04:39');
INSERT INTO `auth_refresh_token` VALUES (70, 4, 'f16068dd3c337ca0554e1faa63b3c216c580c282afbcf71bc5974e621b229fbb', '1766953259985_a9cc8cfd3d6548', '2026-01-05 14:05:02', 0, '2025-12-29 06:05:02', '2025-12-29 14:05:03');
INSERT INTO `auth_refresh_token` VALUES (71, 1, '85075be068fc2e1fe4042f217da17856730a2fa6e585e7443103762602f45996', '1766953259985_a9cc8cfd3d6548', '2026-01-05 14:05:22', 0, '2025-12-29 06:05:22', '2025-12-29 14:05:22');
INSERT INTO `auth_refresh_token` VALUES (72, 3, 'c5f3fada9e66b9eeda8ea67482d54153b6b3c384db2e6b3950c73d31d0345704', '1766953259985_a9cc8cfd3d6548', '2026-01-05 14:06:10', 0, '2025-12-29 06:06:10', '2025-12-29 14:06:11');
INSERT INTO `auth_refresh_token` VALUES (73, 4, '676ed32fd58e728e9998eb900e9277cf9cc3c9cd174ab59986dcdda4b33fe4ec', '1766953259985_a9cc8cfd3d6548', '2026-01-05 14:06:25', 0, '2025-12-29 06:06:25', '2025-12-29 14:06:25');
INSERT INTO `auth_refresh_token` VALUES (74, 1, '60943e6bbf3aa1bde85eac287f30ac2e905d2381768b25da495be422d98bf7da', '1766953259985_a9cc8cfd3d6548', '2026-01-05 14:18:51', 1, '2025-12-29 06:18:51', '2025-12-29 19:34:02');
INSERT INTO `auth_refresh_token` VALUES (75, 1, '5acbae8f269e2527743f263214aecae3ece330320491d77ba5a7d96b5e725d56', '1766953259985_a9cc8cfd3d6548', '2026-01-05 19:34:02', 1, '2025-12-29 11:34:02', '2025-12-29 20:34:09');
INSERT INTO `auth_refresh_token` VALUES (76, 1, '2faf37a194b3a5606cf1398e9d5ec78400b673669c1e664d12bee89809ca527a', '1766953259985_a9cc8cfd3d6548', '2026-01-05 20:34:08', 1, '2025-12-29 12:34:08', '2025-12-29 21:04:14');
INSERT INTO `auth_refresh_token` VALUES (77, 1, '578ddab34481292435f75f39edb5587006bfbc37f188ae29ea0d664fd922bebb', '1766953259985_a9cc8cfd3d6548', '2026-01-05 21:04:13', 0, '2025-12-29 13:04:13', '2025-12-29 21:04:14');
INSERT INTO `auth_refresh_token` VALUES (78, 3, 'f9abcbd7d29e5cdcd66ca253a016bb2b79af683081687534884e4ba8b02b9646', '1766953259985_a9cc8cfd3d6548', '2026-01-05 21:07:55', 0, '2025-12-29 13:07:55', '2025-12-29 21:07:56');
INSERT INTO `auth_refresh_token` VALUES (79, 5, '16d643fa1d115cb740c732cc7fa71f81215c9ed69c7640cbd2232effaa9cd7bc', '1766953259985_a9cc8cfd3d6548', '2026-01-05 21:10:11', 0, '2025-12-29 13:10:11', '2025-12-29 21:10:11');
INSERT INTO `auth_refresh_token` VALUES (80, 3, 'a8ee3b5298b33527e3fc1fcb1a4256853ab7b7cb791b987b2ffa93d06d021f20', '1766953259985_a9cc8cfd3d6548', '2026-01-05 21:12:53', 1, '2025-12-29 13:12:53', '2025-12-29 22:13:17');
INSERT INTO `auth_refresh_token` VALUES (81, 3, '167eaa23cbf7d14cbabd0017ca644c66a6b7eef341e0d464546b19c2acf8c7f8', '1766953259985_a9cc8cfd3d6548', '2026-01-05 22:13:17', 1, '2025-12-29 14:13:17', '2025-12-29 22:47:24');
INSERT INTO `auth_refresh_token` VALUES (82, 3, '31f0b8bf3a4fa4689605fb77768c660372fdd82e452f48ef4d4f0f4dede93aec', '1766953259985_a9cc8cfd3d6548', '2026-01-05 22:47:23', 1, '2025-12-29 14:47:23', '2025-12-29 23:18:46');
INSERT INTO `auth_refresh_token` VALUES (83, 3, '54ce092cee157d0a380ca88b00478fb2df1d84c7d5eb2b2a74f098e67ad95e0c', '1766953259985_a9cc8cfd3d6548', '2026-01-05 23:18:46', 0, '2025-12-29 15:18:46', '2025-12-29 23:18:46');
INSERT INTO `auth_refresh_token` VALUES (84, 3, 'f3ad4846bb165c7cf032b93fe26d7c2fc8286abaacec3b854a68b1d1190af382', '1766953259985_a9cc8cfd3d6548', '2026-01-05 23:18:46', 1, '2025-12-29 15:18:46', '2025-12-30 00:07:35');
INSERT INTO `auth_refresh_token` VALUES (85, 3, '8d828c77ec59b6aa1b5d624bf733cfdae5e121f633e2b2985ca28c2c1d6bda59', '1766953259985_a9cc8cfd3d6548', '2026-01-06 00:07:35', 0, '2025-12-29 16:07:35', '2025-12-30 00:07:35');
INSERT INTO `auth_refresh_token` VALUES (86, 3, '6716c770ebd6df13d4d0aec3110550daf103918e2f8d1b36c1a05ff9349ae78a', '1766953259985_a9cc8cfd3d6548', '2026-01-06 00:07:35', 1, '2025-12-29 16:07:35', '2025-12-30 07:12:27');
INSERT INTO `auth_refresh_token` VALUES (87, 3, '99138b23b694126d20d6d01c4079b8db6dc3000ba28bd222766e4a9effcf6f51', '1766953259985_a9cc8cfd3d6548', '2026-01-06 07:12:27', 0, '2025-12-29 23:12:27', '2025-12-30 07:12:27');
INSERT INTO `auth_refresh_token` VALUES (88, 3, '710d5f47ee6aa90fb771b15a1d4241ae65bbac81bc511092d2630c4faa95878d', '1766953259985_a9cc8cfd3d6548', '2026-01-06 07:44:49', 0, '2025-12-29 23:44:49', '2025-12-30 07:44:49');
INSERT INTO `auth_refresh_token` VALUES (89, 1, 'ba7945cb5161028842fc1179355d7eb7ca10ab18006e5794a5e00f9ef338cccb', '1766953259985_a9cc8cfd3d6548', '2026-01-06 07:46:44', 1, '2025-12-29 23:46:44', '2025-12-30 08:43:18');
INSERT INTO `auth_refresh_token` VALUES (90, 1, '30fb45a9bba196def70531bcf3f6681f263ff05d06886b6ebc0c1036afeef2f3', '1766953259985_a9cc8cfd3d6548', '2026-01-06 08:43:17', 0, '2025-12-30 00:43:17', '2025-12-30 08:43:18');
INSERT INTO `auth_refresh_token` VALUES (91, 3, '63f166dd253d9766a9736ceacbee4a439c0abcc4be5eab421f02c0acfdabae6f', '1766953259985_a9cc8cfd3d6548', '2026-01-06 09:01:25', 0, '2025-12-30 01:01:25', '2025-12-30 09:01:26');
INSERT INTO `auth_refresh_token` VALUES (92, 1, '3c7422ace76495b39d6e20acab61a9b5abf25000f80ede10ff02864874116cff', '1766953259985_a9cc8cfd3d6548', '2026-01-06 09:06:08', 0, '2025-12-30 01:06:08', '2025-12-30 09:06:09');
INSERT INTO `auth_refresh_token` VALUES (93, 3, 'fff9385702ad3751227505063e749e8011e0c5e509c1cc86184977f72fbccf55', '1766953259985_a9cc8cfd3d6548', '2026-01-06 09:06:43', 1, '2025-12-30 01:06:43', '2025-12-30 09:51:29');
INSERT INTO `auth_refresh_token` VALUES (94, 3, 'e66d59b3cfbd318e0b26e196458a5d01849bd9ce3d3b771b4f63c87e3eb973ff', '1766953259985_a9cc8cfd3d6548', '2026-01-06 09:51:28', 0, '2025-12-30 01:51:28', '2025-12-30 09:51:29');
INSERT INTO `auth_refresh_token` VALUES (95, 3, 'fe4e0c3ac7918bc1807c8a9c8453f874398bc462e5021de66327ef19a637514a', '1766953259985_a9cc8cfd3d6548', '2026-01-06 09:51:28', 0, '2025-12-30 01:51:28', '2025-12-30 09:51:29');
INSERT INTO `auth_refresh_token` VALUES (96, 3, '6169f8618ad7891bdeab68ccf18c94b0932237afbdb5a5ce95a22f5532d07d8e', '1766953259985_a9cc8cfd3d6548', '2026-01-06 09:51:28', 0, '2025-12-30 01:51:28', '2025-12-30 09:51:29');
INSERT INTO `auth_refresh_token` VALUES (97, 3, '33e6dd3f91fdae732e1efe73ecd07e970bec053f74bcc715dce982fce0ff5ed0', '1766953259985_a9cc8cfd3d6548', '2026-01-06 09:51:28', 0, '2025-12-30 01:51:28', '2025-12-30 09:51:29');
INSERT INTO `auth_refresh_token` VALUES (98, 4, '054488943184469991e3274fec4ce47c8685de44af40af75fe7e2c50118bbcd1', '1766953259985_a9cc8cfd3d6548', '2026-01-06 10:01:44', 0, '2025-12-30 02:01:44', '2025-12-30 10:01:45');
INSERT INTO `auth_refresh_token` VALUES (99, 5, '5c64f0454cb57e190693740f4e980ffce8d87e67ad576d986ef425d74e2cb602', '1766953259985_a9cc8cfd3d6548', '2026-01-06 10:13:56', 0, '2025-12-30 02:13:56', '2025-12-30 10:13:57');
INSERT INTO `auth_refresh_token` VALUES (100, 4, '04a0153b38c4d78a98823b116a5265db3830efbfaff3668e22615fa73aabd4c0', '1766953259985_a9cc8cfd3d6548', '2026-01-06 10:51:23', 0, '2025-12-30 02:51:23', '2025-12-30 10:51:24');
INSERT INTO `auth_refresh_token` VALUES (101, 5, 'eeb9cb474c0e82a9613c1b95adea13b5aa88a2659c512fd93fbb93676986bcda', '1766953259985_a9cc8cfd3d6548', '2026-01-06 10:52:04', 0, '2025-12-30 02:52:04', '2025-12-30 10:52:05');
INSERT INTO `auth_refresh_token` VALUES (102, 4, 'f0ac69cb2e38836ec976df06cd053e65764205de9f6ba0443e2380b10ecf4188', '1766953259985_a9cc8cfd3d6548', '2026-01-06 11:02:35', 0, '2025-12-30 03:02:35', '2025-12-30 11:02:36');
INSERT INTO `auth_refresh_token` VALUES (103, 3, '5c83a633837ae3325e77f118a02fffe46090f712240f86134041582ae0985a72', '1766953259985_a9cc8cfd3d6548', '2026-01-06 11:04:01', 0, '2025-12-30 03:04:01', '2025-12-30 11:04:02');
INSERT INTO `auth_refresh_token` VALUES (104, 4, 'fcb311c1e44b30e6e1e66afc4f7c9f1a7d97d23e3dfe50871cad426bcd9bef5c', '1766953259985_a9cc8cfd3d6548', '2026-01-06 11:08:40', 0, '2025-12-30 03:08:40', '2025-12-30 11:08:41');
INSERT INTO `auth_refresh_token` VALUES (105, 3, 'ff6f4edb29aab41a8f939e931dca47fc4700a82cd654818f26c8564f99d52847', '1766953259985_a9cc8cfd3d6548', '2026-01-06 11:10:34', 0, '2025-12-30 03:10:34', '2025-12-30 11:10:35');
INSERT INTO `auth_refresh_token` VALUES (106, 4, 'e375cdf151d92b48e58c948718b4a7dd695b9983664b1505ac0d488bbeb6dc89', '1766953259985_a9cc8cfd3d6548', '2026-01-06 11:11:14', 0, '2025-12-30 03:11:14', '2025-12-30 11:11:15');
INSERT INTO `auth_refresh_token` VALUES (107, 3, '7ff5eb8324b67f83ac5b5caf40a858c82a9d1ae4c53bc35074c3e2e98361e081', '1766953259985_a9cc8cfd3d6548', '2026-01-06 11:16:31', 0, '2025-12-30 03:16:31', '2025-12-30 11:16:32');
INSERT INTO `auth_refresh_token` VALUES (108, 5, '6841bc34b159c0dc046c26d39aba75083a045e700d2e0198d459683879af1c08', '1766953259985_a9cc8cfd3d6548', '2026-01-06 11:25:06', 1, '2025-12-30 03:25:06', '2025-12-30 11:55:32');
INSERT INTO `auth_refresh_token` VALUES (109, 5, '2a579930101b4e199e468572711273ea54fabe59621c4f6db52a3f960ae88730', '1766953259985_a9cc8cfd3d6548', '2026-01-06 11:55:31', 0, '2025-12-30 03:55:31', '2025-12-30 11:55:32');
INSERT INTO `auth_refresh_token` VALUES (110, 5, '4be946f6b1c364fcf18e0f76248379f8c0935dacc895d9950e03b9af3c542e3a', '1766953259985_a9cc8cfd3d6548', '2026-01-06 11:55:31', 1, '2025-12-30 03:55:31', '2025-12-30 12:29:19');
INSERT INTO `auth_refresh_token` VALUES (111, 5, 'c4a656f2f4541463c7799c92792d48085872ac4cd6222e9f2456d74c896f167c', '1766953259985_a9cc8cfd3d6548', '2026-01-06 12:29:19', 0, '2025-12-30 04:29:19', '2025-12-30 12:29:19');
INSERT INTO `auth_refresh_token` VALUES (112, 4, 'a5b568fa285667a217d8c1e64ac92bcf3f9c63168de1ad91126a72abab047c7c', '1766953259985_a9cc8cfd3d6548', '2026-01-06 13:09:21', 1, '2025-12-30 05:09:21', '2025-12-30 13:56:28');
INSERT INTO `auth_refresh_token` VALUES (113, 4, '16f897208cfac4ae5d1c58fd579176291301a87327b0008166de0a6cb969b954', '1766953259985_a9cc8cfd3d6548', '2026-01-06 13:56:28', 0, '2025-12-30 05:56:28', '2025-12-30 13:56:29');
INSERT INTO `auth_refresh_token` VALUES (114, 4, '1e99688f95636ed39cc95b18ab58c5519fff587524e2e606fcf3c47d8e3af700', '1766953259985_a9cc8cfd3d6548', '2026-01-06 13:56:28', 0, '2025-12-30 05:56:28', '2025-12-30 13:56:29');
INSERT INTO `auth_refresh_token` VALUES (115, 4, '3f73de63309fcdcb97d89bf75c9b5fe6b0519c7eb7448f81411e67dbe5c4f858', '1766953259985_a9cc8cfd3d6548', '2026-01-06 13:56:28', 0, '2025-12-30 05:56:28', '2025-12-30 13:56:29');
INSERT INTO `auth_refresh_token` VALUES (116, 4, 'd9deaf02857bc45f7a98244b16203f042f864d5ad25fb76f1a709f3071a5afac', '1766953259985_a9cc8cfd3d6548', '2026-01-06 13:56:28', 0, '2025-12-30 05:56:28', '2025-12-30 13:56:29');
INSERT INTO `auth_refresh_token` VALUES (117, 3, '8610597c2fa16d9f671839220c94136e30da155149fab248d8e0770b114c748e', '1766953259985_a9cc8cfd3d6548', '2026-01-06 13:58:34', 0, '2025-12-30 05:58:34', '2025-12-30 13:58:35');
INSERT INTO `auth_refresh_token` VALUES (118, 4, 'b650600006c52056c027cb4d96fa9cc8e3f7766a2a72f5ccbf3ed7e1b0fa388c', '1766953259985_a9cc8cfd3d6548', '2026-01-06 13:59:53', 0, '2025-12-30 05:59:53', '2025-12-30 13:59:53');
INSERT INTO `auth_refresh_token` VALUES (119, 3, '79238cf9cedf10727a0b22811aa813386e2f5b5dbb13573fc33b36285dd7c40b', '1766953259985_a9cc8cfd3d6548', '2026-01-06 14:00:17', 0, '2025-12-30 06:00:17', '2025-12-30 14:00:18');
INSERT INTO `auth_refresh_token` VALUES (120, 4, '9060673800053a5c382c34a7d4797cc37099d56683ec0ded2015d2b686157791', '1766953259985_a9cc8cfd3d6548', '2026-01-06 14:00:35', 1, '2025-12-30 06:00:35', '2025-12-30 19:38:06');
INSERT INTO `auth_refresh_token` VALUES (121, 4, '431cf6ab782b2d7e6cc1358ebead8dd5b6f2b070c8fb6ca7dc1f557ba7d1c4ae', '1766953259985_a9cc8cfd3d6548', '2026-01-06 19:38:05', 0, '2025-12-30 11:38:05', '2025-12-30 19:38:06');
INSERT INTO `auth_refresh_token` VALUES (122, 4, 'd67ee5e145d543c599ca360ca20de9cafcd02199bebdd6a3b30f87615caad1fb', '1766953259985_a9cc8cfd3d6548', '2026-01-06 19:38:05', 0, '2025-12-30 11:38:05', '2025-12-30 19:38:06');
INSERT INTO `auth_refresh_token` VALUES (123, 4, '53e864f04cc7462a5b39a4937523ebee0c82167a27466df7ef0a5c48d5efb47a', '1766953259985_a9cc8cfd3d6548', '2026-01-06 19:38:05', 0, '2025-12-30 11:38:05', '2025-12-30 19:38:06');
INSERT INTO `auth_refresh_token` VALUES (124, 4, '2ba07323b4e6376216b8dc5fe3f3bcca7420d84185af7a32dde7fecba1467bae', '1766953259985_a9cc8cfd3d6548', '2026-01-06 19:38:05', 0, '2025-12-30 11:38:05', '2025-12-30 19:38:06');
INSERT INTO `auth_refresh_token` VALUES (125, 3, '0bfadc92451feb7942529a125f6c17972b71d170f14f5f9d1a0c7d1bdd16c92b', '1766953259985_a9cc8cfd3d6548', '2026-01-06 19:39:20', 0, '2025-12-30 11:39:20', '2025-12-30 19:39:21');
INSERT INTO `auth_refresh_token` VALUES (126, 4, 'f28aa751140caae37fcb5110521ff60e2479fb6a7db3d9270bd2dacafe3ad54a', '1766953259985_a9cc8cfd3d6548', '2026-01-06 19:41:01', 0, '2025-12-30 11:41:01', '2025-12-30 19:41:01');
INSERT INTO `auth_refresh_token` VALUES (127, 3, '7b19f3bfda65c946e3a8fd2f21d661db4b43eff39e2966219eabf6ce3642ea33', '1766953259985_a9cc8cfd3d6548', '2026-01-06 19:42:29', 0, '2025-12-30 11:42:29', '2025-12-30 19:42:29');
INSERT INTO `auth_refresh_token` VALUES (128, 4, 'e6caeae09853fdd17974928ec722a2c482230176844043414ee9364392c6a319', '1766953259985_a9cc8cfd3d6548', '2026-01-06 19:45:04', 1, '2025-12-30 11:45:04', '2025-12-30 20:26:40');
INSERT INTO `auth_refresh_token` VALUES (129, 4, '16bc32ca05c694b12b776068ef8bf7f03b1cd4c125c955bcb8b04a1abb2589b8', '1766953259985_a9cc8cfd3d6548', '2026-01-06 20:26:40', 0, '2025-12-30 12:26:40', '2025-12-30 20:26:40');
INSERT INTO `auth_refresh_token` VALUES (130, 3, '45b284db8b5133061da1cbe5a219e1d555027dfedf691f2f7098c7e89477119b', '1766953259985_a9cc8cfd3d6548', '2026-01-06 20:28:33', 1, '2025-12-30 12:28:33', '2025-12-30 21:01:12');
INSERT INTO `auth_refresh_token` VALUES (131, 3, '9d65e55e01a0b2006452dc04e7fb1e36e9120b42f0dfe89f271c2e0d8a5041a6', '1767099024863_4d57aa03929b1', '2026-01-06 20:50:27', 0, '2025-12-30 12:50:27', '2025-12-30 20:50:28');
INSERT INTO `auth_refresh_token` VALUES (132, 4, 'f03b367137268fce009425806f3123293471c9bac59c3d7d9094f8babc8a9201', '1767099024863_4d57aa03929b1', '2026-01-06 21:00:20', 1, '2025-12-30 13:00:20', '2025-12-30 21:41:39');
INSERT INTO `auth_refresh_token` VALUES (133, 3, 'b0e2abcb04b1a33b4a1b3ab3be4c2763a09575cd8685542964e74a87f9e50479', '1766953259985_a9cc8cfd3d6548', '2026-01-06 21:01:12', 0, '2025-12-30 13:01:12', '2025-12-30 21:01:12');
INSERT INTO `auth_refresh_token` VALUES (134, 4, '5e720d5a6e344ced5ea3dff51d5d92d5b99a9a79666f13b21c36c4a52af0d781', '1766953259985_a9cc8cfd3d6548', '2026-01-06 21:20:10', 0, '2025-12-30 13:20:10', '2025-12-30 21:20:11');
INSERT INTO `auth_refresh_token` VALUES (135, 1, '2896b934975f41c3d92a589b15099e64d52b4fcc4479ce1a56cb443a84f69497', '1766953259985_a9cc8cfd3d6548', '2026-01-06 21:21:15', 0, '2025-12-30 13:21:15', '2025-12-30 21:21:16');
INSERT INTO `auth_refresh_token` VALUES (136, 4, '0f99ffbe6e9085a4a5ae7e60566575dd70adcfdfba805e746bfa293beff8feb3', '1766953259985_a9cc8cfd3d6548', '2026-01-06 21:22:54', 0, '2025-12-30 13:22:54', '2025-12-30 21:22:55');
INSERT INTO `auth_refresh_token` VALUES (137, 1, '3f69d64141efd37e4c7f4920ddaba45c524a02dc9347adfb655466b40603d2eb', '1766953259985_a9cc8cfd3d6548', '2026-01-06 21:23:41', 0, '2025-12-30 13:23:41', '2025-12-30 21:23:41');
INSERT INTO `auth_refresh_token` VALUES (138, 4, '2f6bba9475fc02a72ad7e4f30c1c91f9fef262ea8c0a8a01182842b0e09b2b5a', '1766953259985_a9cc8cfd3d6548', '2026-01-06 21:26:50', 0, '2025-12-30 13:26:50', '2025-12-30 21:26:51');
INSERT INTO `auth_refresh_token` VALUES (139, 5, '9481c8e0f9587a7c36887e433e6afb624fbf1cf1e93e4e03e7a962dbb7e14479', '1766953259985_a9cc8cfd3d6548', '2026-01-06 21:31:58', 1, '2025-12-30 13:31:58', '2025-12-30 22:38:06');
INSERT INTO `auth_refresh_token` VALUES (140, 4, '08a7d7600c1749f48c920eae43201d687a6866632e188e1601f19942fca025b3', '1767099024863_4d57aa03929b1', '2026-01-06 21:41:38', 0, '2025-12-30 13:41:38', '2025-12-30 21:41:39');
INSERT INTO `auth_refresh_token` VALUES (141, 4, '736f9e66f13b09a69604c5f1aa09c83d76fd303a3a6bb7cb3b2f3a417ac98820', '1767099024863_4d57aa03929b1', '2026-01-06 21:41:38', 0, '2025-12-30 13:41:38', '2025-12-30 21:41:39');
INSERT INTO `auth_refresh_token` VALUES (142, 4, '7968719b8c9a1e7e996475c532276c4e83ad2a52b901cebb56a395b8e5cca5c2', '1767099024863_4d57aa03929b1', '2026-01-06 21:41:38', 0, '2025-12-30 13:41:38', '2025-12-30 21:41:39');
INSERT INTO `auth_refresh_token` VALUES (143, 4, '84aa56b43246fce5ede5d4278edf4eb99a47ddb92104d6c180757c8224aac0f6', '1767099024863_4d57aa03929b1', '2026-01-06 21:41:38', 0, '2025-12-30 13:41:38', '2025-12-30 21:41:39');
INSERT INTO `auth_refresh_token` VALUES (144, 5, 'a2a91b1f895b9cc21f5ffe3891db6431a69e63cbc9562a2b72460f47991c89a5', '1766953259985_a9cc8cfd3d6548', '2026-01-06 22:38:06', 0, '2025-12-30 14:38:06', '2025-12-30 22:38:07');
INSERT INTO `auth_refresh_token` VALUES (145, 5, '1aa6ea7927f3c15ddd3c27e43686a31b3f170879797c2ca91d0eae22ab0b6ea7', '1766953259985_a9cc8cfd3d6548', '2026-01-06 22:38:06', 0, '2025-12-30 14:38:06', '2025-12-30 22:38:07');
INSERT INTO `auth_refresh_token` VALUES (146, 3, '18222efc91aa00e968c13d15a1261ae2a1e01d72144c1b2d60b2f0bff9f45cec', '1766953259985_a9cc8cfd3d6548', '2026-01-06 22:39:18', 1, '2025-12-30 14:39:18', '2025-12-30 23:24:08');
INSERT INTO `auth_refresh_token` VALUES (147, 3, 'd5cce7fa892c7059c832c322097341a89ffb0ac092a05e8059034329b6aec664', '1766953259985_a9cc8cfd3d6548', '2026-01-06 23:24:07', 0, '2025-12-30 15:24:07', '2025-12-30 23:24:08');
INSERT INTO `auth_refresh_token` VALUES (148, 3, '0c5861e9aa4603e0a654d9f38457fed61de691fe064654f6cc0f822c3324cb3e', '1766953259985_a9cc8cfd3d6548', '2026-01-06 23:24:07', 0, '2025-12-30 15:24:07', '2025-12-30 23:24:08');
INSERT INTO `auth_refresh_token` VALUES (149, 3, '4d0ecb5252b6fde745f0fe87ff8d6f4b34c802b198a97acb913c87de022f4803', '1766953259985_a9cc8cfd3d6548', '2026-01-06 23:24:07', 0, '2025-12-30 15:24:07', '2025-12-30 23:24:08');
INSERT INTO `auth_refresh_token` VALUES (150, 3, 'd1e574a19eacb2ed45bfceaeab5b647f9a640f1c65a79d78bd2f4928df8eab4c', '1766953259985_a9cc8cfd3d6548', '2026-01-06 23:24:07', 0, '2025-12-30 15:24:07', '2025-12-30 23:24:08');
INSERT INTO `auth_refresh_token` VALUES (151, 5, '620fe8237fab44b5cc22ff40305ecc83560a94e2204209b0bf4ed9acce72164e', '1766953259985_a9cc8cfd3d6548', '2026-01-06 23:50:11', 0, '2025-12-30 15:50:11', '2025-12-30 23:50:11');
INSERT INTO `auth_refresh_token` VALUES (152, 4, '9327cafdadaf388a961198ef5c2a4b7c4c3ffad075999e18a08d95b9677ea659', '1766953259985_a9cc8cfd3d6548', '2026-01-06 23:53:20', 0, '2025-12-30 15:53:20', '2025-12-30 23:53:21');
INSERT INTO `auth_refresh_token` VALUES (153, 3, 'c649539e938575d846f9af0c9d096cbc3c433a00cf89548578fee0a6ab998c19', '1766953259985_a9cc8cfd3d6548', '2026-01-06 23:54:20', 0, '2025-12-30 15:54:20', '2025-12-30 23:54:21');
INSERT INTO `auth_refresh_token` VALUES (154, 4, '3b3710b13aa89d4e29aa444153f10f76e5608b1d476f4bf6e88bac7502031d6c', '1766953259985_a9cc8cfd3d6548', '2026-01-06 23:55:21', 0, '2025-12-30 15:55:21', '2025-12-30 23:55:21');
INSERT INTO `auth_refresh_token` VALUES (155, 3, 'b1d2b98ea36cfff12e75636064554e1f9c33b8a25232cde48fde24d43adcca96', '1766953259985_a9cc8cfd3d6548', '2026-01-06 23:55:58', 0, '2025-12-30 15:55:58', '2025-12-30 23:55:59');
INSERT INTO `auth_refresh_token` VALUES (156, 4, '8b5b07c89bd9c6dd317a61f2857791f13b28eccc440df1dfd18bfcc56ed8d015', '1766953259985_a9cc8cfd3d6548', '2026-01-06 23:56:54', 0, '2025-12-30 15:56:54', '2025-12-30 23:56:55');
INSERT INTO `auth_refresh_token` VALUES (157, 4, '2079c5c66f7393d02d09c37ec54305b3261ac4c48e29a90836f6de67690d4e35', '1766953259985_a9cc8cfd3d6548', '2026-01-06 23:57:37', 0, '2025-12-30 15:57:37', '2025-12-30 23:57:37');
INSERT INTO `auth_refresh_token` VALUES (158, 3, '558fcc2e714cdd7bba224fc3678beefa1f544cab439bfaffe052a96f901d7d23', '1766953259985_a9cc8cfd3d6548', '2026-01-06 23:57:55', 0, '2025-12-30 15:57:55', '2025-12-30 23:57:56');
INSERT INTO `auth_refresh_token` VALUES (159, 4, '4f6f124b63b6955a4a887c47f206aba7ab7409e0054e15fb8d4bcdd5f0c1e1e5', '1766953259985_a9cc8cfd3d6548', '2026-01-06 23:58:23', 0, '2025-12-30 15:58:23', '2025-12-30 23:58:24');
INSERT INTO `auth_refresh_token` VALUES (160, 5, '2a19f62ca44eb68ee0a778d9a5347482ecd28ca5ff84b2d12c95f9c7a1960d06', '1766953259985_a9cc8cfd3d6548', '2026-01-06 23:59:48', 0, '2025-12-30 15:59:48', '2025-12-30 23:59:49');
INSERT INTO `auth_refresh_token` VALUES (161, 4, '18c5aab0cd1b7a13c8fafd0ed121f9c296b4fb532111874f7da9c1274284aba0', '1766953259985_a9cc8cfd3d6548', '2026-01-07 00:00:16', 0, '2025-12-30 16:00:16', '2025-12-31 00:00:17');
INSERT INTO `auth_refresh_token` VALUES (162, 5, 'c3ab800badc450e71735e2d0c5131c4aed96ca71d8805493c65bfa6081b2b866', '1766953259985_a9cc8cfd3d6548', '2026-01-07 00:00:45', 1, '2025-12-30 16:00:45', '2025-12-31 07:21:57');
INSERT INTO `auth_refresh_token` VALUES (163, 5, 'd59036f82406828bcf9abbb111445ecfec283bb3d4266ea1064166a5bb35401c', '1766953259985_a9cc8cfd3d6548', '2026-01-07 07:21:57', 0, '2025-12-30 23:21:57', '2025-12-31 07:21:57');
INSERT INTO `auth_refresh_token` VALUES (164, 1, '8d0069486ddf54a20477f6c9b29867e9daecf4f4a7293df75009f11a4d043a26', '1766953259985_a9cc8cfd3d6548', '2026-01-07 07:30:09', 0, '2025-12-30 23:30:09', '2025-12-31 07:30:09');
INSERT INTO `auth_refresh_token` VALUES (165, 5, 'c601510cd201dcdeb0690549ddb07144928b372aef54a319e2b05565bd6ae1f1', '1766953259985_a9cc8cfd3d6548', '2026-01-07 07:33:28', 0, '2025-12-30 23:33:28', '2025-12-31 07:33:28');
INSERT INTO `auth_refresh_token` VALUES (166, 4, '614f02c7ba22d716c020007f58a8883f236198ece34a0adaed8ef99ffca51c8c', '1766953259985_a9cc8cfd3d6548', '2026-01-07 07:39:52', 0, '2025-12-30 23:39:52', '2025-12-31 07:39:53');
INSERT INTO `auth_refresh_token` VALUES (167, 5, 'fd9e99e29e1dcacb35e7234edaa9be516152632b06b1b39ea7bca5f6ba3370d3', '1766953259985_a9cc8cfd3d6548', '2026-01-07 07:40:50', 1, '2025-12-30 23:40:50', '2025-12-31 08:23:26');
INSERT INTO `auth_refresh_token` VALUES (168, 5, '8a4a930508a923e35557bd52b2b0751d8fa42e60888a02727512250f1bd690e5', '1766953259985_a9cc8cfd3d6548', '2026-01-07 08:23:26', 0, '2025-12-31 00:23:26', '2025-12-31 08:23:27');
INSERT INTO `auth_refresh_token` VALUES (169, 1, '6899b885790c5fc95059cb978c7cb39fc706c9b70cbdcaf2a92563ef75cf513b', '1766953259985_a9cc8cfd3d6548', '2026-01-07 08:24:10', 0, '2025-12-31 00:24:10', '2025-12-31 08:24:10');
INSERT INTO `auth_refresh_token` VALUES (170, 5, 'cabbb27cb7838b15ba5068ae0cabeee84d6d5577d94f7561cd859d673c7b0320', '1766953259985_a9cc8cfd3d6548', '2026-01-07 08:25:27', 0, '2025-12-31 00:25:27', '2025-12-31 08:25:27');
INSERT INTO `auth_refresh_token` VALUES (171, 1, 'cba0889a41e3a154d28e4b84de46a077e4f95ab4d91e8322e678e2f9629f13c6', '1766953259985_a9cc8cfd3d6548', '2026-01-07 08:26:11', 0, '2025-12-31 00:26:11', '2025-12-31 08:26:12');
INSERT INTO `auth_refresh_token` VALUES (172, 5, 'bab2bf18f4079fee963d7fd1b97aa807f2a22ece0b8a755868f793b89b64b219', '1766953259985_a9cc8cfd3d6548', '2026-01-07 08:48:45', 0, '2025-12-31 00:48:45', '2025-12-31 08:48:46');
INSERT INTO `auth_refresh_token` VALUES (173, 1, 'f5dfd5229afea59662dedfacd22a59bc2036b0c910ef3e7965b5ba43d3b02826', '1766953259985_a9cc8cfd3d6548', '2026-01-07 08:51:10', 0, '2025-12-31 00:51:10', '2025-12-31 08:51:10');
INSERT INTO `auth_refresh_token` VALUES (174, 5, '75221c34b11e0fc0bed95f4d34a4fb6ca823d01278589913a8853a3a543d1192', '1766953259985_a9cc8cfd3d6548', '2026-01-07 08:52:00', 1, '2025-12-31 00:52:00', '2025-12-31 09:36:40');
INSERT INTO `auth_refresh_token` VALUES (175, 5, '216bea7d74e6baeff34827c2929ed2ae9fa394e998ec97f4b01d991f722bcac5', '1766953259985_a9cc8cfd3d6548', '2026-01-07 09:36:40', 0, '2025-12-31 01:36:40', '2025-12-31 09:36:40');
INSERT INTO `auth_refresh_token` VALUES (176, 5, '31323ddb8102fc27ab8b0dfb42876d0ffa943d079b9d0f9f2501e552df924df6', '1766953259985_a9cc8cfd3d6548', '2026-01-07 09:36:40', 0, '2025-12-31 01:36:40', '2025-12-31 09:36:40');
INSERT INTO `auth_refresh_token` VALUES (177, 5, 'bee5e61da06c141b60f8c1f85a7a59755604cdfe2aee1e093f9f68f3873d3ef2', '1766953259985_a9cc8cfd3d6548', '2026-01-07 09:36:40', 0, '2025-12-31 01:36:40', '2025-12-31 09:36:40');
INSERT INTO `auth_refresh_token` VALUES (178, 1, 'df508efd3b155fed1c12012937402c9d924864b624e9c307fa3a0d03d9a0fc3e', '1766953259985_a9cc8cfd3d6548', '2026-01-07 10:02:37', 0, '2025-12-31 02:02:37', '2025-12-31 10:02:38');
INSERT INTO `auth_refresh_token` VALUES (179, 4, '53a7c793e4c943ed19d290d8d00620412becd81f34ee4fa4a771f4315295357f', '1766953259985_a9cc8cfd3d6548', '2026-01-07 10:06:40', 0, '2025-12-31 02:06:40', '2025-12-31 10:06:41');
INSERT INTO `auth_refresh_token` VALUES (180, 3, '623ce931b0459e2b4e958a6e6fd699d8f32ff0923e21f9df85a86896d6cb1d9c', '1766953259985_a9cc8cfd3d6548', '2026-01-07 10:10:00', 0, '2025-12-31 02:10:00', '2025-12-31 10:10:00');
INSERT INTO `auth_refresh_token` VALUES (181, 4, '6c41f1238ec53dc97c37026c077c03144008a88c7865d8c8f9e4505bea72b740', '1766953259985_a9cc8cfd3d6548', '2026-01-07 10:50:43', 0, '2025-12-31 02:50:43', '2025-12-31 10:50:43');
INSERT INTO `auth_refresh_token` VALUES (182, 3, '6b1094d56cdaf312184da0a2d944b1ce3a59465d9c117bf0e7869330a23d2ea2', '1766953259985_a9cc8cfd3d6548', '2026-01-07 10:51:10', 0, '2025-12-31 02:51:10', '2025-12-31 10:51:11');
INSERT INTO `auth_refresh_token` VALUES (183, 1, '9cc9b4ee6bfeb21fa8b9452eb1d348f27f44fcaec99d3c46e5c7b5325c9558c6', '1766953259985_a9cc8cfd3d6548', '2026-01-07 10:54:47', 0, '2025-12-31 02:54:48', '2025-12-31 10:54:48');
INSERT INTO `auth_refresh_token` VALUES (184, 3, '92c7bce3e0a543e083b7a0b934e4852892059d9a0bdc558b9756f4d4c6172024', '1766953259985_a9cc8cfd3d6548', '2026-01-07 10:57:00', 0, '2025-12-31 02:57:00', '2025-12-31 10:57:00');
INSERT INTO `auth_refresh_token` VALUES (185, 1, '97d34ace9ae57f010bed88bf238ec87f7db19c26e60f86d002fe96d4d25c5294', '1766953259985_a9cc8cfd3d6548', '2026-01-07 10:57:28', 1, '2025-12-31 02:57:28', '2025-12-31 11:27:56');
INSERT INTO `auth_refresh_token` VALUES (186, 1, '8e51449e7fd8f8b206b6bc835752a687c11f4015600e429ddeb82c837f7ca3b2', '1766953259985_a9cc8cfd3d6548', '2026-01-07 11:27:55', 0, '2025-12-31 03:27:55', '2025-12-31 11:27:56');
INSERT INTO `auth_refresh_token` VALUES (187, 1, '91d8debe322c9abfae6089e4e82f3a4a4bf9464ab87bc6b7d922781d49096124', '1766953259985_a9cc8cfd3d6548', '2026-01-07 11:27:55', 0, '2025-12-31 03:27:55', '2025-12-31 11:27:56');
INSERT INTO `auth_refresh_token` VALUES (188, 1, 'a2b7bae22f2bbb8c7157858f313a78c69421147edd034b99b21a3963727cfdb3', '1766953259985_a9cc8cfd3d6548', '2026-01-07 11:27:55', 0, '2025-12-31 03:27:55', '2025-12-31 11:27:56');
INSERT INTO `auth_refresh_token` VALUES (189, 1, 'e14b4b1fa9ba1e4ae99c2ac9b57757fa84adfcfb96692018172d75ac3a82f83f', '1766953259985_a9cc8cfd3d6548', '2026-01-07 11:27:55', 0, '2025-12-31 03:27:55', '2025-12-31 11:27:56');
INSERT INTO `auth_refresh_token` VALUES (190, 4, '26ce6c40e0ae2d39b837f3902ba73b22ff8e4ec8ac699bcedeef27c2ce79e66a', '1766953259985_a9cc8cfd3d6548', '2026-01-07 11:29:45', 0, '2025-12-31 03:29:45', '2025-12-31 11:29:45');
INSERT INTO `auth_refresh_token` VALUES (191, 1, '203803510805cc7e9f62aa2e2d921138aed952740f0a3b81e6770adbf07a097b', '1766953259985_a9cc8cfd3d6548', '2026-01-07 11:31:52', 0, '2025-12-31 03:31:52', '2025-12-31 11:31:53');
INSERT INTO `auth_refresh_token` VALUES (192, 3, '26326657957efb29088bad7350a3a5c24f838d576b97cca99cab76ae7266b519', '1766953259985_a9cc8cfd3d6548', '2026-01-07 11:32:32', 0, '2025-12-31 03:32:32', '2025-12-31 11:32:33');
INSERT INTO `auth_refresh_token` VALUES (193, 1, '3abd4cb207cdf6d4b6467b750cc64cff0dde5a68a02fde79b0a4c9c9a5db7848', '1766953259985_a9cc8cfd3d6548', '2026-01-07 11:56:56', 0, '2025-12-31 03:56:56', '2025-12-31 11:56:57');
INSERT INTO `auth_refresh_token` VALUES (194, 3, '2d18620d71fa0a8ba44c2fc4b38359c7ebd8f29700470df30c99a537d05c222e', '1766953259985_a9cc8cfd3d6548', '2026-01-07 11:57:47', 0, '2025-12-31 03:57:47', '2025-12-31 11:57:47');
INSERT INTO `auth_refresh_token` VALUES (195, 4, 'ddafb2b6c27053a5fb708fc4cf4a1c10c981d9298b2133a87554d9f5af268045', '1766953259985_a9cc8cfd3d6548', '2026-01-07 12:00:10', 0, '2025-12-31 04:00:10', '2025-12-31 12:00:11');
INSERT INTO `auth_refresh_token` VALUES (196, 1, 'cada260dc8cf9543d2d2b7a306bdbcf5bb521454f4739b4a55cd51c5555f2f4b', '1766953259985_a9cc8cfd3d6548', '2026-01-07 12:06:17', 0, '2025-12-31 04:06:17', '2025-12-31 12:06:18');
INSERT INTO `auth_refresh_token` VALUES (197, 4, 'eda56424a42d70e279296b44d5013fd227c1815b6e640cda38b4705d2860f03e', '1766953259985_a9cc8cfd3d6548', '2026-01-07 12:15:51', 1, '2025-12-31 04:15:51', '2025-12-31 12:28:52');
INSERT INTO `auth_refresh_token` VALUES (198, 4, '50a087d798f2b7e9275f05f7bb181b90a59ccdd4d93799a578093280c377fd41', '1766953259985_a9cc8cfd3d6548', '2026-01-07 12:28:51', 1, '2025-12-31 04:28:51', '2025-12-31 12:28:58');
INSERT INTO `auth_refresh_token` VALUES (199, 4, 'f2da34b0927df638f436dcfb5fa6031aa53e3e55102410f05b418e89338c54b2', '1766953259985_a9cc8cfd3d6548', '2026-01-07 12:28:57', 1, '2025-12-31 04:28:57', '2025-12-31 12:28:59');
INSERT INTO `auth_refresh_token` VALUES (200, 4, '4f19f42ceb11d17156f4f285adcb9e2944a2e2566f013be152654a4a317d8275', '1766953259985_a9cc8cfd3d6548', '2026-01-07 12:28:59', 1, '2025-12-31 04:28:59', '2025-12-31 12:29:01');
INSERT INTO `auth_refresh_token` VALUES (201, 4, '65b2d27a2fa612298cfa2015ac8f89e6b57ae053722fcc15fa2faec00d359110', '1766953259985_a9cc8cfd3d6548', '2026-01-07 12:29:00', 1, '2025-12-31 04:29:00', '2025-12-31 12:29:07');
INSERT INTO `auth_refresh_token` VALUES (202, 4, '10ea7d2ef9b8f1978eaea5f9831ac240e8dab4835ff9a82c28d2f085b27ba904', '1766953259985_a9cc8cfd3d6548', '2026-01-07 12:29:06', 1, '2025-12-31 04:29:06', '2025-12-31 12:31:48');
INSERT INTO `auth_refresh_token` VALUES (203, 4, '6bb916c335e7fb456391101fa338caa0c518ab7cbcc60ac251cdbd6a1ce960db', '1766953259985_a9cc8cfd3d6548', '2026-01-07 12:31:48', 1, '2025-12-31 04:31:48', '2025-12-31 12:31:50');
INSERT INTO `auth_refresh_token` VALUES (204, 4, '189f5de2a338e8d0aef70438f5dc313e5768c39d9001459400915ed2b9c1d200', '1766953259985_a9cc8cfd3d6548', '2026-01-07 12:31:49', 1, '2025-12-31 04:31:49', '2025-12-31 12:31:55');
INSERT INTO `auth_refresh_token` VALUES (205, 4, '621753bbbfbfef73aea0b7a62fc3f89658c5d853b2dcdc1ba2efd16f0d093988', '1766953259985_a9cc8cfd3d6548', '2026-01-07 12:31:55', 1, '2025-12-31 04:31:55', '2025-12-31 12:31:56');
INSERT INTO `auth_refresh_token` VALUES (206, 4, 'c0bf338f423903e9a5227a1e76ee525384344fb42ec4924ecb008115da9baa9f', '1766953259985_a9cc8cfd3d6548', '2026-01-07 12:31:55', 1, '2025-12-31 04:31:55', '2025-12-31 12:33:33');
INSERT INTO `auth_refresh_token` VALUES (207, 4, 'c51a673fa1133e0b943452da8f67f2e3cc77c6f500dce63a81278d7ee971c97c', '1766953259985_a9cc8cfd3d6548', '2026-01-07 12:33:32', 1, '2025-12-31 04:33:32', '2025-12-31 12:34:49');
INSERT INTO `auth_refresh_token` VALUES (208, 4, '3051565a39c58e6ecf00b1e214dc762e7e62552e408af2ef6f9280eb461f1c48', '1766953259985_a9cc8cfd3d6548', '2026-01-07 12:34:48', 1, '2025-12-31 04:34:48', '2025-12-31 12:36:54');
INSERT INTO `auth_refresh_token` VALUES (209, 4, '21f03e1d12cc6eb58ff787766c40fcfdeebf18eba1174ba624d83e074da8bfba', '1766953259985_a9cc8cfd3d6548', '2026-01-07 12:36:53', 0, '2025-12-31 04:36:53', '2025-12-31 12:36:54');
INSERT INTO `auth_refresh_token` VALUES (210, 4, '9b37297f1193a01ef01ab52de106966309b883f06ae43c28ea865bdb94934d65', '1766953259985_a9cc8cfd3d6548', '2026-01-07 12:37:02', 1, '2025-12-31 04:37:02', '2025-12-31 12:37:07');
INSERT INTO `auth_refresh_token` VALUES (211, 4, 'ed9530f3d942dd4afaf688fb4963b99145d30e74206c9e9c18e15148624d2d7e', '1766953259985_a9cc8cfd3d6548', '2026-01-07 12:37:06', 0, '2025-12-31 04:37:06', '2025-12-31 12:37:07');
INSERT INTO `auth_refresh_token` VALUES (212, 3, 'adf7b3fe4f19fec92d69066193addbbd3d3c6d72b16cf9abf0a224c1262e5f0d', '1766953259985_a9cc8cfd3d6548', '2026-01-07 12:39:04', 1, '2025-12-31 04:39:04', '2025-12-31 13:16:12');
INSERT INTO `auth_refresh_token` VALUES (213, 3, 'b2d38ac4abce6b956358595706df5fa1138a877bf1e823f28235bcd36c8c021c', '1766953259985_a9cc8cfd3d6548', '2026-01-07 13:16:12', 0, '2025-12-31 05:16:12', '2025-12-31 13:16:12');
INSERT INTO `auth_refresh_token` VALUES (214, 3, '305c31b53a3c928909035d90d1d7032e4040f9cff3aa0de9e1be278229a89d3f', '1766953259985_a9cc8cfd3d6548', '2026-01-07 13:16:12', 0, '2025-12-31 05:16:12', '2025-12-31 13:16:12');
INSERT INTO `auth_refresh_token` VALUES (215, 3, '5ff7f48f51265dd5b8c22165fa8e781e5ae15013f4b35f306cbcdc0a5f4a12d4', '1766953259985_a9cc8cfd3d6548', '2026-01-07 13:16:12', 0, '2025-12-31 05:16:12', '2025-12-31 13:16:13');
INSERT INTO `auth_refresh_token` VALUES (216, 1, 'f1b525b06dddae6f68718a9d30699f19edaa9ce84ecde991831f5a1d5caf146c', '1766953259985_a9cc8cfd3d6548', '2026-01-07 13:19:48', 0, '2025-12-31 05:19:48', '2025-12-31 13:19:48');
INSERT INTO `auth_refresh_token` VALUES (217, 5, 'dcc27aef4132f2c03f579e6f61af2e524ce5843a1f5b2e2219cc283922d1b5d8', '1766953259985_a9cc8cfd3d6548', '2026-01-07 13:26:13', 0, '2025-12-31 05:26:13', '2025-12-31 13:26:13');
INSERT INTO `auth_refresh_token` VALUES (218, 6, '9fafb5f645ac6973e6e5bf3f1b20a25ec9f0d287ee0ce831673362b96b5cb923', NULL, '2026-01-07 13:28:49', 0, '2025-12-31 05:28:49', '2025-12-31 13:28:50');
INSERT INTO `auth_refresh_token` VALUES (219, 6, '8bea0a84144307afa097a8fc8c6755106484e130a908592f6e511c7db69565fd', '1766953259985_a9cc8cfd3d6548', '2026-01-07 13:28:57', 0, '2025-12-31 05:28:57', '2025-12-31 13:28:57');
INSERT INTO `auth_refresh_token` VALUES (220, 4, '1fa42e7e257f02089e725c08d09e81fddb023015982cab87f2ca37f734bb7077', '1766953259985_a9cc8cfd3d6548', '2026-01-07 13:33:01', 0, '2025-12-31 05:33:01', '2025-12-31 13:33:02');
INSERT INTO `auth_refresh_token` VALUES (221, 6, '89a705e42badbc48a24664720382cbfa7961700de46be48004f47f2040c24569', '1766953259985_a9cc8cfd3d6548', '2026-01-07 13:54:55', 0, '2025-12-31 05:54:55', '2025-12-31 13:54:56');
INSERT INTO `auth_refresh_token` VALUES (222, 6, '8362f91eed04e24b2d912e881fc8d857f6f0f9b9a5feef76ec54c6f989b3cf12', '1766953259985_a9cc8cfd3d6548', '2026-01-07 13:56:44', 0, '2025-12-31 05:56:44', '2025-12-31 13:56:44');
INSERT INTO `auth_refresh_token` VALUES (223, 3, 'd47e251892e1b05e1591767800f71d80dd4ae35b0d7c1c38d6074fe57bb4c905', '1766953259985_a9cc8cfd3d6548', '2026-01-07 13:57:23', 0, '2025-12-31 05:57:23', '2025-12-31 13:57:24');
INSERT INTO `auth_refresh_token` VALUES (224, 4, '95e6263641d2a9cbd67e2a78edf5608910ea917b9787f08d2e3b0b0a68353a85', '1767099024863_4d57aa03929b1', '2026-01-07 14:01:52', 0, '2025-12-31 06:01:52', '2025-12-31 14:01:53');
INSERT INTO `auth_refresh_token` VALUES (225, 4, '237929dbe661cbc6c6e78276a0721d5bf216d1a7b327f2b0a27fe78432e2970a', '1767099024863_4d57aa03929b1', '2026-01-07 14:18:51', 0, '2025-12-31 06:18:51', '2025-12-31 14:18:52');

-- ----------------------------
-- Table structure for coach_application
-- ----------------------------
DROP TABLE IF EXISTS `coach_application`;
CREATE TABLE `coach_application`  (
  `id` bigint NOT NULL AUTO_INCREMENT COMMENT '主键',
  `user_id` bigint NOT NULL COMMENT '申请人用户ID',
  `specialty` varchar(100) CHARACTER SET utf8mb4 COLLATE utf8mb4_0900_ai_ci NULL DEFAULT NULL COMMENT '擅长领域',
  `intro` text CHARACTER SET utf8mb4 COLLATE utf8mb4_0900_ai_ci NULL COMMENT '自我介绍',
  `cert_files` json NULL COMMENT '资质证明(图片/文件URL数组)',
  `audit_status` varchar(20) CHARACTER SET utf8mb4 COLLATE utf8mb4_0900_ai_ci NOT NULL DEFAULT 'PENDING' COMMENT '审核状态(PENDING/APPROVED/REJECTED)',
  `audit_remark` varchar(255) CHARACTER SET utf8mb4 COLLATE utf8mb4_0900_ai_ci NULL DEFAULT NULL COMMENT '审核意见/驳回原因',
  `audited_by` bigint NULL DEFAULT NULL COMMENT '审核管理员ID',
  `audited_at` datetime NULL DEFAULT NULL COMMENT '审核时间',
  `created_at` datetime NOT NULL DEFAULT CURRENT_TIMESTAMP COMMENT '创建时间',
  PRIMARY KEY (`id`) USING BTREE,
  UNIQUE INDEX `uk_coach_application_user_id`(`user_id` ASC) USING BTREE,
  INDEX `idx_coach_application_status`(`audit_status` ASC) USING BTREE,
  CONSTRAINT `fk_coach_application_user` FOREIGN KEY (`user_id`) REFERENCES `sys_user` (`id`) ON DELETE RESTRICT ON UPDATE RESTRICT
) ENGINE = InnoDB AUTO_INCREMENT = 4 CHARACTER SET = utf8mb4 COLLATE = utf8mb4_0900_ai_ci COMMENT = '教练认证申请表(用户申请->管理员审核->成为教练)' ROW_FORMAT = Dynamic;

-- ----------------------------
-- Records of coach_application
-- ----------------------------
INSERT INTO `coach_application` VALUES (1, 1, '篮球', '5年教学经验', '[\"https://example.com/cert1.png\", \"https://example.com/cert2.png\"]', 'REJECTED', '无效', 1, '2025-12-29 13:44:24', '2025-12-24 20:21:35');
INSERT INTO `coach_application` VALUES (2, 3, '篮球', '5年教学经验', '[\"https://example.com/cert1.png\", \"https://example.com/cert2.png\"]', 'APPROVED', '资料齐全，通过', 1, '2025-12-24 20:30:55', '2025-12-24 20:26:31');
INSERT INTO `coach_application` VALUES (3, 4, '健身', '12312312312313123211231231312', NULL, 'APPROVED', NULL, 1, '2025-12-29 13:46:51', '2025-12-29 13:46:33');

-- ----------------------------
-- Table structure for coach_course
-- ----------------------------
DROP TABLE IF EXISTS `coach_course`;
CREATE TABLE `coach_course`  (
  `id` bigint NOT NULL AUTO_INCREMENT COMMENT '主键',
  `coach_user_id` bigint NOT NULL COMMENT '教练用户ID',
  `title` varchar(100) CHARACTER SET utf8mb4 COLLATE utf8mb4_0900_ai_ci NOT NULL COMMENT '课程名称',
  `category` varchar(50) CHARACTER SET utf8mb4 COLLATE utf8mb4_0900_ai_ci NULL DEFAULT NULL COMMENT '课程类型',
  `duration_minutes` int NULL DEFAULT NULL COMMENT '时长(分钟)',
  `price` int NOT NULL COMMENT '价格(整数金额)',
  `venue_id` bigint NULL DEFAULT NULL COMMENT '上课场地(可选)',
  `capacity` int NOT NULL DEFAULT 1 COMMENT '招生人数',
  `outline` text CHARACTER SET utf8mb4 COLLATE utf8mb4_0900_ai_ci NULL COMMENT '课程大纲',
  `status` varchar(20) CHARACTER SET utf8mb4 COLLATE utf8mb4_0900_ai_ci NOT NULL DEFAULT 'ON_SALE' COMMENT '状态(ON_SALE/OFF_SALE)',
  `created_at` datetime NOT NULL DEFAULT CURRENT_TIMESTAMP COMMENT '创建时间',
  `updated_at` datetime NOT NULL DEFAULT CURRENT_TIMESTAMP ON UPDATE CURRENT_TIMESTAMP COMMENT '更新时间',
  `cover_url` varchar(255) CHARACTER SET utf8mb4 COLLATE utf8mb4_0900_ai_ci NULL DEFAULT NULL,
  PRIMARY KEY (`id`) USING BTREE,
  INDEX `idx_course_coach_user_id`(`coach_user_id` ASC) USING BTREE,
  INDEX `fk_course_venue`(`venue_id` ASC) USING BTREE,
  CONSTRAINT `fk_course_coach` FOREIGN KEY (`coach_user_id`) REFERENCES `sys_user` (`id`) ON DELETE RESTRICT ON UPDATE RESTRICT,
  CONSTRAINT `fk_course_venue` FOREIGN KEY (`venue_id`) REFERENCES `venue` (`id`) ON DELETE RESTRICT ON UPDATE RESTRICT
) ENGINE = InnoDB AUTO_INCREMENT = 2 CHARACTER SET = utf8mb4 COLLATE = utf8mb4_0900_ai_ci COMMENT = '教练课程' ROW_FORMAT = Dynamic;

-- ----------------------------
-- Records of coach_course
-- ----------------------------
INSERT INTO `coach_course` VALUES (1, 3, '篮球基础训练', '篮球', 90, 200, NULL, 10, '基础运球、投篮、防守训练', 'ON_SALE', '2025-12-25 13:39:48', '2025-12-29 23:20:18', '/upload/photo/course/6611242e59eb469c960229b4d52d434b.jpg');

-- ----------------------------
-- Table structure for coach_course_booking
-- ----------------------------
DROP TABLE IF EXISTS `coach_course_booking`;
CREATE TABLE `coach_course_booking`  (
  `id` bigint NOT NULL AUTO_INCREMENT COMMENT '主键',
  `booking_no` varchar(64) CHARACTER SET utf8mb4 COLLATE utf8mb4_0900_ai_ci NOT NULL COMMENT '预约单号',
  `user_id` bigint NOT NULL COMMENT '预约用户ID',
  `course_session_id` bigint NOT NULL COMMENT '课程排期ID',
  `amount` int NOT NULL COMMENT '金额(整数金额)',
  `status` varchar(30) CHARACTER SET utf8mb4 COLLATE utf8mb4_0900_ai_ci NOT NULL DEFAULT 'PENDING_COACH' COMMENT '状态(PENDING_COACH/ACCEPTED/REJECTED/PAID/CANCELED/REFUNDED/USED)',
  `coach_decision_at` datetime NULL DEFAULT NULL COMMENT '教练处理时间',
  `reject_reason` varchar(255) CHARACTER SET utf8mb4 COLLATE utf8mb4_0900_ai_ci NULL DEFAULT NULL COMMENT '拒单原因',
  `verification_code` varchar(32) CHARACTER SET utf8mb4 COLLATE utf8mb4_0900_ai_ci NOT NULL COMMENT '核销码',
  `paid_at` datetime NULL DEFAULT NULL COMMENT '支付时间(钱包扣款)',
  `used_at` datetime NULL DEFAULT NULL COMMENT '核销时间',
  `created_at` datetime NOT NULL DEFAULT CURRENT_TIMESTAMP COMMENT '创建时间',
  PRIMARY KEY (`id`) USING BTREE,
  UNIQUE INDEX `uk_course_booking_no`(`booking_no` ASC) USING BTREE,
  INDEX `idx_course_booking_user_id`(`user_id` ASC) USING BTREE,
  INDEX `idx_course_booking_session_id`(`course_session_id` ASC) USING BTREE,
  INDEX `idx_course_booking_status`(`status` ASC) USING BTREE,
  CONSTRAINT `fk_course_booking_session` FOREIGN KEY (`course_session_id`) REFERENCES `coach_course_session` (`id`) ON DELETE RESTRICT ON UPDATE RESTRICT,
  CONSTRAINT `fk_course_booking_user` FOREIGN KEY (`user_id`) REFERENCES `sys_user` (`id`) ON DELETE RESTRICT ON UPDATE RESTRICT
) ENGINE = InnoDB AUTO_INCREMENT = 9 CHARACTER SET = utf8mb4 COLLATE = utf8mb4_0900_ai_ci COMMENT = '课程预约' ROW_FORMAT = Dynamic;

-- ----------------------------
-- Records of coach_course_booking
-- ----------------------------
INSERT INTO `coach_course_booking` VALUES (1, '1745720f6e5041c2989b28f754321949', 4, 2, 200, 'USED', '2025-12-25 14:07:03', NULL, '653263', '2025-12-25 14:07:39', '2025-12-25 14:08:44', '2025-12-25 14:05:56');
INSERT INTO `coach_course_booking` VALUES (2, '4cf847396719479482b5649372c71068', 4, 2, 200, 'REJECTED', '2025-12-25 14:13:51', '时间冲突', '319606', NULL, NULL, '2025-12-25 14:13:39');
INSERT INTO `coach_course_booking` VALUES (3, '1b424231986a426996ddee86872d742e', 4, 2, 200, 'REFUNDED', '2025-12-25 14:14:15', NULL, '282365', '2025-12-25 14:14:22', NULL, '2025-12-25 14:14:11');
INSERT INTO `coach_course_booking` VALUES (4, '3ff8c5e98b7b4034ba0a88bcde47fd41', 4, 4, 200, 'CANCELED', '2025-12-30 11:10:50', NULL, '666268', NULL, NULL, '2025-12-30 11:08:51');
INSERT INTO `coach_course_booking` VALUES (5, '911f61bfcbe143a4aa54dc086171e6d6', 4, 4, 200, 'CANCELED', '2025-12-30 11:10:49', NULL, '694369', NULL, NULL, '2025-12-30 11:08:55');
INSERT INTO `coach_course_booking` VALUES (6, 'd46ce65c5a634daa89cc25b75904b102', 4, 4, 200, 'USED', '2025-12-30 11:10:48', NULL, '484199', '2025-12-30 20:27:29', '2025-12-30 20:28:55', '2025-12-30 11:08:59');
INSERT INTO `coach_course_booking` VALUES (7, '768602c0c1ad49f7aa8bfdd42538a7f9', 4, 4, 200, 'USED', '2025-12-30 23:54:36', NULL, '812941', '2025-12-30 23:55:32', '2025-12-30 23:56:30', '2025-12-30 23:53:35');
INSERT INTO `coach_course_booking` VALUES (8, '0768ebe0bb604192872f7017c3ac1953', 4, 4, 200, 'USED', '2025-12-30 23:58:09', NULL, '825273', '2025-12-30 23:59:26', '2025-12-31 07:41:04', '2025-12-30 23:57:04');

-- ----------------------------
-- Table structure for coach_course_session
-- ----------------------------
DROP TABLE IF EXISTS `coach_course_session`;
CREATE TABLE `coach_course_session`  (
  `id` bigint NOT NULL AUTO_INCREMENT COMMENT '主键',
  `course_id` bigint NOT NULL COMMENT '课程ID',
  `start_time` datetime NOT NULL COMMENT '开始时间',
  `end_time` datetime NOT NULL COMMENT '结束时间',
  `capacity` int NOT NULL COMMENT '容量',
  `enrolled_count` int NOT NULL DEFAULT 0 COMMENT '已报名人数',
  `status` varchar(20) CHARACTER SET utf8mb4 COLLATE utf8mb4_0900_ai_ci NOT NULL DEFAULT 'OPEN' COMMENT '状态(OPEN/CLOSED/CANCELED)',
  `created_at` datetime NOT NULL DEFAULT CURRENT_TIMESTAMP COMMENT '创建时间',
  PRIMARY KEY (`id`) USING BTREE,
  INDEX `idx_course_session_course_id`(`course_id` ASC) USING BTREE,
  INDEX `idx_course_session_time`(`start_time` ASC) USING BTREE,
  CONSTRAINT `fk_course_session_course` FOREIGN KEY (`course_id`) REFERENCES `coach_course` (`id`) ON DELETE RESTRICT ON UPDATE RESTRICT
) ENGINE = InnoDB AUTO_INCREMENT = 5 CHARACTER SET = utf8mb4 COLLATE = utf8mb4_0900_ai_ci COMMENT = '课程排期' ROW_FORMAT = Dynamic;

-- ----------------------------
-- Records of coach_course_session
-- ----------------------------
INSERT INTO `coach_course_session` VALUES (1, 1, '2025-12-24 10:00:00', '2025-12-24 18:30:00', 10, 0, 'CLOSED', '2025-12-25 13:42:34');
INSERT INTO `coach_course_session` VALUES (2, 1, '2025-12-26 10:00:00', '2025-12-26 11:30:00', 10, 1, 'CLOSED', '2025-12-25 14:00:59');
INSERT INTO `coach_course_session` VALUES (3, 1, '2027-01-07 08:00:00', '2027-01-07 16:00:00', 10, 0, 'CLOSED', '2025-12-30 11:06:41');
INSERT INTO `coach_course_session` VALUES (4, 1, '2026-12-30 05:00:00', '2026-12-30 20:00:00', 10, 3, 'OPEN', '2025-12-30 11:07:45');

-- ----------------------------
-- Table structure for coach_profile
-- ----------------------------
DROP TABLE IF EXISTS `coach_profile`;
CREATE TABLE `coach_profile`  (
  `user_id` bigint NOT NULL COMMENT '教练用户ID',
  `rating_avg` decimal(3, 2) NOT NULL DEFAULT 0.00 COMMENT '平均评分',
  `rating_count` int NOT NULL DEFAULT 0 COMMENT '评分次数',
  `service_status` varchar(20) CHARACTER SET utf8mb4 COLLATE utf8mb4_0900_ai_ci NOT NULL DEFAULT 'ACTIVE' COMMENT '服务状态(ACTIVE/SUSPENDED)',
  `created_at` datetime NOT NULL DEFAULT CURRENT_TIMESTAMP COMMENT '创建时间',
  `updated_at` datetime NOT NULL DEFAULT CURRENT_TIMESTAMP ON UPDATE CURRENT_TIMESTAMP COMMENT '更新时间',
  PRIMARY KEY (`user_id`) USING BTREE,
  CONSTRAINT `fk_coach_profile_user` FOREIGN KEY (`user_id`) REFERENCES `sys_user` (`id`) ON DELETE RESTRICT ON UPDATE RESTRICT
) ENGINE = InnoDB CHARACTER SET = utf8mb4 COLLATE = utf8mb4_0900_ai_ci COMMENT = '教练资料表(审核通过后生成/启用)' ROW_FORMAT = Dynamic;

-- ----------------------------
-- Records of coach_profile
-- ----------------------------
INSERT INTO `coach_profile` VALUES (3, 5.00, 2, 'ACTIVE', '2025-12-24 20:30:55', '2025-12-30 13:20:42');
INSERT INTO `coach_profile` VALUES (4, 0.00, 0, 'ACTIVE', '2025-12-29 13:46:51', '2025-12-29 13:46:51');

-- ----------------------------
-- Table structure for coach_video
-- ----------------------------
DROP TABLE IF EXISTS `coach_video`;
CREATE TABLE `coach_video`  (
  `id` bigint NOT NULL AUTO_INCREMENT COMMENT '主键',
  `coach_user_id` bigint NOT NULL COMMENT '教练用户ID',
  `title` varchar(100) CHARACTER SET utf8mb4 COLLATE utf8mb4_0900_ai_ci NOT NULL COMMENT '视频标题',
  `price` int NOT NULL DEFAULT 0 COMMENT '价格(整数金额)',
  `cover_url` varchar(255) CHARACTER SET utf8mb4 COLLATE utf8mb4_0900_ai_ci NULL DEFAULT NULL COMMENT '封面',
  `video_url` varchar(255) CHARACTER SET utf8mb4 COLLATE utf8mb4_0900_ai_ci NOT NULL COMMENT '视频地址',
  `description` text CHARACTER SET utf8mb4 COLLATE utf8mb4_0900_ai_ci NULL COMMENT '视频简介',
  `status` varchar(20) CHARACTER SET utf8mb4 COLLATE utf8mb4_0900_ai_ci NOT NULL DEFAULT 'ON_SALE' COMMENT '状态(ON_SALE/OFF_SALE)',
  `created_at` datetime NOT NULL DEFAULT CURRENT_TIMESTAMP COMMENT '创建时间',
  PRIMARY KEY (`id`) USING BTREE,
  INDEX `idx_video_coach_user_id`(`coach_user_id` ASC) USING BTREE,
  CONSTRAINT `fk_video_coach` FOREIGN KEY (`coach_user_id`) REFERENCES `sys_user` (`id`) ON DELETE RESTRICT ON UPDATE RESTRICT
) ENGINE = InnoDB AUTO_INCREMENT = 3 CHARACTER SET = utf8mb4 COLLATE = utf8mb4_0900_ai_ci COMMENT = '教练教学视频' ROW_FORMAT = Dynamic;

-- ----------------------------
-- Records of coach_video
-- ----------------------------
INSERT INTO `coach_video` VALUES (1, 3, '测试视频', 100, '/upload/photo/coach/cac5dc2d3f164d9498fd3397e8c86a38.jpg', '/upload/video/0bde2888692d45f4adecef8221cab354.mp4', 'desc', 'ON_SALE', '2025-12-28 11:50:05');
INSERT INTO `coach_video` VALUES (2, 3, '仙逆121', 3, '/upload/photo/coach/a332ddb8daaf46618ff9a129317c4cf3.jpg', '/upload/video/ca5dc14f20ed4a7386bb211cfcd746c5.mp4', '仙逆', 'ON_SALE', '2025-12-31 13:59:51');

-- ----------------------------
-- Table structure for coach_video_purchase
-- ----------------------------
DROP TABLE IF EXISTS `coach_video_purchase`;
CREATE TABLE `coach_video_purchase`  (
  `id` bigint NOT NULL AUTO_INCREMENT COMMENT '主键',
  `purchase_no` varchar(64) CHARACTER SET utf8mb4 COLLATE utf8mb4_0900_ai_ci NOT NULL COMMENT '购买单号',
  `user_id` bigint NOT NULL COMMENT '购买用户ID',
  `video_id` bigint NOT NULL COMMENT '视频ID',
  `amount` int NOT NULL COMMENT '金额(整数金额)',
  `status` varchar(20) CHARACTER SET utf8mb4 COLLATE utf8mb4_0900_ai_ci NOT NULL DEFAULT 'PAID' COMMENT '状态(PAID/REFUNDED)',
  `created_at` datetime NOT NULL DEFAULT CURRENT_TIMESTAMP COMMENT '创建时间',
  PRIMARY KEY (`id`) USING BTREE,
  UNIQUE INDEX `uk_video_purchase_no`(`purchase_no` ASC) USING BTREE,
  UNIQUE INDEX `uk_video_purchase_user_video`(`user_id` ASC, `video_id` ASC) USING BTREE,
  INDEX `fk_video_purchase_video`(`video_id` ASC) USING BTREE,
  CONSTRAINT `fk_video_purchase_user` FOREIGN KEY (`user_id`) REFERENCES `sys_user` (`id`) ON DELETE RESTRICT ON UPDATE RESTRICT,
  CONSTRAINT `fk_video_purchase_video` FOREIGN KEY (`video_id`) REFERENCES `coach_video` (`id`) ON DELETE RESTRICT ON UPDATE RESTRICT
) ENGINE = InnoDB AUTO_INCREMENT = 5 CHARACTER SET = utf8mb4 COLLATE = utf8mb4_0900_ai_ci COMMENT = '教练视频购买记录' ROW_FORMAT = Dynamic;

-- ----------------------------
-- Records of coach_video_purchase
-- ----------------------------
INSERT INTO `coach_video_purchase` VALUES (1, '3a2e7e50a7f340beaab5de85ab0534f8', 4, 1, 1, 'PAID', '2025-12-28 13:05:20');
INSERT INTO `coach_video_purchase` VALUES (2, 'd32f38907efb49e493b6d5b10ec5b22d', 3, 1, 100, 'PAID', '2025-12-30 21:03:09');
INSERT INTO `coach_video_purchase` VALUES (3, 'f168587b5cdb4f26865b2238ce388048', 4, 2, 3, 'PAID', '2025-12-31 14:04:07');
INSERT INTO `coach_video_purchase` VALUES (4, '72bcb0ce3e1049eba11d514d375c0a0b', 3, 2, 3, 'PAID', '2025-12-31 14:08:46');

-- ----------------------------
-- Table structure for coach_withdraw_request
-- ----------------------------
DROP TABLE IF EXISTS `coach_withdraw_request`;
CREATE TABLE `coach_withdraw_request`  (
  `id` bigint NOT NULL AUTO_INCREMENT COMMENT '主键',
  `request_no` varchar(64) CHARACTER SET utf8mb4 COLLATE utf8mb4_0900_ai_ci NOT NULL COMMENT '申请单号',
  `coach_user_id` bigint NOT NULL COMMENT '教练用户ID',
  `amount` int NOT NULL COMMENT '提现金额(整数金额)',
  `status` varchar(20) CHARACTER SET utf8mb4 COLLATE utf8mb4_0900_ai_ci NOT NULL DEFAULT 'PENDING' COMMENT '状态(PENDING/APPROVED/REJECTED)',
  `remark` varchar(255) CHARACTER SET utf8mb4 COLLATE utf8mb4_0900_ai_ci NULL DEFAULT NULL COMMENT '备注/审核说明',
  `requested_at` datetime NOT NULL DEFAULT CURRENT_TIMESTAMP COMMENT '申请时间',
  `processed_by` bigint NULL DEFAULT NULL COMMENT '处理管理员ID',
  `processed_at` datetime NULL DEFAULT NULL COMMENT '处理时间',
  PRIMARY KEY (`id`) USING BTREE,
  UNIQUE INDEX `uk_coach_withdraw_request_no`(`request_no` ASC) USING BTREE,
  INDEX `idx_coach_withdraw_coach_id`(`coach_user_id` ASC) USING BTREE,
  INDEX `idx_coach_withdraw_status`(`status` ASC) USING BTREE
) ENGINE = InnoDB AUTO_INCREMENT = 3 CHARACTER SET = utf8mb4 COLLATE = utf8mb4_0900_ai_ci COMMENT = '教练提现申请' ROW_FORMAT = Dynamic;

-- ----------------------------
-- Records of coach_withdraw_request
-- ----------------------------
INSERT INTO `coach_withdraw_request` VALUES (1, 'e5c95f63dda14ba389a522ad03f67669', 3, 100, 'APPROVED', '支付宝 13972395687 彭于晏', '2025-12-30 07:46:21', 1, '2025-12-30 08:58:50');
INSERT INTO `coach_withdraw_request` VALUES (2, '8307d7ad7df445d8a2895aeb95cd5a2f', 3, 200, 'APPROVED', '微信 123456789 aaa', '2025-12-30 09:05:50', 1, '2025-12-30 09:06:25');

-- ----------------------------
-- Table structure for complaint
-- ----------------------------
DROP TABLE IF EXISTS `complaint`;
CREATE TABLE `complaint`  (
  `id` bigint NOT NULL AUTO_INCREMENT COMMENT '主键',
  `complaint_no` varchar(64) CHARACTER SET utf8mb4 COLLATE utf8mb4_0900_ai_ci NOT NULL COMMENT '投诉单号',
  `user_id` bigint NOT NULL COMMENT '投诉用户ID',
  `complaint_type` varchar(30) CHARACTER SET utf8mb4 COLLATE utf8mb4_0900_ai_ci NOT NULL COMMENT '类型(VENUE/EQUIPMENT/COURSE/OTHER)',
  `content` text CHARACTER SET utf8mb4 COLLATE utf8mb4_0900_ai_ci NOT NULL COMMENT '投诉内容',
  `attachments` json NULL COMMENT '附件(图片/文件URL数组)',
  `status` varchar(30) CHARACTER SET utf8mb4 COLLATE utf8mb4_0900_ai_ci NOT NULL DEFAULT 'SUBMITTED' COMMENT '状态(SUBMITTED/ASSIGNED/IN_PROGRESS/RESOLVED)',
  `assigned_staff_id` bigint NULL DEFAULT NULL COMMENT '指派员工ID',
  `created_at` datetime NOT NULL DEFAULT CURRENT_TIMESTAMP COMMENT '创建时间',
  `updated_at` datetime NOT NULL DEFAULT CURRENT_TIMESTAMP ON UPDATE CURRENT_TIMESTAMP COMMENT '更新时间',
  `resolved_at` datetime NULL DEFAULT NULL COMMENT '完成时间',
  PRIMARY KEY (`id`) USING BTREE,
  UNIQUE INDEX `uk_complaint_no`(`complaint_no` ASC) USING BTREE,
  INDEX `idx_complaint_user_id`(`user_id` ASC) USING BTREE,
  INDEX `idx_complaint_status`(`status` ASC) USING BTREE,
  INDEX `fk_complaint_staff`(`assigned_staff_id` ASC) USING BTREE,
  CONSTRAINT `fk_complaint_staff` FOREIGN KEY (`assigned_staff_id`) REFERENCES `sys_user` (`id`) ON DELETE RESTRICT ON UPDATE RESTRICT,
  CONSTRAINT `fk_complaint_user` FOREIGN KEY (`user_id`) REFERENCES `sys_user` (`id`) ON DELETE RESTRICT ON UPDATE RESTRICT
) ENGINE = InnoDB AUTO_INCREMENT = 3 CHARACTER SET = utf8mb4 COLLATE = utf8mb4_0900_ai_ci COMMENT = '投诉工单' ROW_FORMAT = Dynamic;

-- ----------------------------
-- Records of complaint
-- ----------------------------
INSERT INTO `complaint` VALUES (1, 'ad4e873bb27c46b0a532c19ab30e9fb2', 4, 'COURSE', '课程服务有问题，教练迟到', '[\"/upload/photo/venue/9beffd59f8e641b48b4d0cc4b175dd54.jpg\"]', 'RESOLVED', 5, '2025-12-27 12:41:23', '2025-12-31 08:25:44', '2025-12-31 08:25:44');
INSERT INTO `complaint` VALUES (2, '817c6a58ef35438eb04c34e5f7b4f192', 4, 'COURSE', '再次测试状态流转', NULL, 'RESOLVED', 1, '2025-12-27 12:44:45', '2025-12-31 08:24:38', '2025-12-31 08:24:38');

-- ----------------------------
-- Table structure for complaint_message
-- ----------------------------
DROP TABLE IF EXISTS `complaint_message`;
CREATE TABLE `complaint_message`  (
  `id` bigint NOT NULL AUTO_INCREMENT COMMENT '主键',
  `complaint_id` bigint NOT NULL COMMENT '投诉ID',
  `sender_user_id` bigint NOT NULL COMMENT '发送人ID',
  `sender_role` varchar(20) CHARACTER SET utf8mb4 COLLATE utf8mb4_0900_ai_ci NOT NULL COMMENT '发送人角色(USER/STAFF/ADMIN)',
  `content` text CHARACTER SET utf8mb4 COLLATE utf8mb4_0900_ai_ci NOT NULL COMMENT '消息内容',
  `attachments` json NULL COMMENT '附件',
  `created_at` datetime NOT NULL DEFAULT CURRENT_TIMESTAMP COMMENT '创建时间',
  PRIMARY KEY (`id`) USING BTREE,
  INDEX `idx_complaint_message_complaint_id`(`complaint_id` ASC) USING BTREE,
  INDEX `fk_complaint_message_sender`(`sender_user_id` ASC) USING BTREE,
  CONSTRAINT `fk_complaint_message_complaint` FOREIGN KEY (`complaint_id`) REFERENCES `complaint` (`id`) ON DELETE RESTRICT ON UPDATE RESTRICT,
  CONSTRAINT `fk_complaint_message_sender` FOREIGN KEY (`sender_user_id`) REFERENCES `sys_user` (`id`) ON DELETE RESTRICT ON UPDATE RESTRICT
) ENGINE = InnoDB AUTO_INCREMENT = 6 CHARACTER SET = utf8mb4 COLLATE = utf8mb4_0900_ai_ci COMMENT = '投诉沟通记录/二次反馈' ROW_FORMAT = Dynamic;

-- ----------------------------
-- Records of complaint_message
-- ----------------------------
INSERT INTO `complaint_message` VALUES (1, 1, 1, 'STAFF', '收到，我们已联系教练核实，将尽快反馈', NULL, '2025-12-27 12:41:58');
INSERT INTO `complaint_message` VALUES (2, 1, 4, 'USER', '收到反馈，但我还有疑问：退款规则是什么？', NULL, '2025-12-27 12:42:23');
INSERT INTO `complaint_message` VALUES (3, 2, 1, 'STAFF', '首次回复，触发自动流转', NULL, '2025-12-27 12:44:45');
INSERT INTO `complaint_message` VALUES (4, 2, 1, 'ADMIN', 'ok', NULL, '2025-12-31 08:24:37');
INSERT INTO `complaint_message` VALUES (5, 1, 5, 'STAFF', 'ok', NULL, '2025-12-31 08:25:42');

-- ----------------------------
-- Table structure for course_consultation
-- ----------------------------
DROP TABLE IF EXISTS `course_consultation`;
CREATE TABLE `course_consultation`  (
  `id` bigint NOT NULL AUTO_INCREMENT COMMENT '主键',
  `consultation_no` varchar(64) CHARACTER SET utf8mb4 COLLATE utf8mb4_0900_ai_ci NOT NULL COMMENT '咨询单号',
  `course_id` bigint NOT NULL COMMENT '课程ID',
  `user_id` bigint NOT NULL COMMENT '提问用户ID',
  `coach_user_id` bigint NOT NULL COMMENT '教练用户ID',
  `status` varchar(20) CHARACTER SET utf8mb4 COLLATE utf8mb4_0900_ai_ci NOT NULL DEFAULT 'OPEN' COMMENT '状态(OPEN/CLOSED)',
  `created_at` datetime NOT NULL DEFAULT CURRENT_TIMESTAMP COMMENT '创建时间',
  `updated_at` datetime NOT NULL DEFAULT CURRENT_TIMESTAMP COMMENT '更新时间',
  PRIMARY KEY (`id`) USING BTREE,
  UNIQUE INDEX `uk_course_consultation_no`(`consultation_no` ASC) USING BTREE,
  INDEX `idx_course_consultation_user`(`user_id` ASC, `updated_at` ASC) USING BTREE,
  INDEX `idx_course_consultation_coach`(`coach_user_id` ASC, `updated_at` ASC) USING BTREE,
  INDEX `idx_course_consultation_course`(`course_id` ASC) USING BTREE
) ENGINE = InnoDB AUTO_INCREMENT = 2 CHARACTER SET = utf8mb4 COLLATE = utf8mb4_0900_ai_ci COMMENT = '课程咨询/互动反馈主表' ROW_FORMAT = Dynamic;

-- ----------------------------
-- Records of course_consultation
-- ----------------------------
INSERT INTO `course_consultation` VALUES (1, '56fa7ba7b3cc4df3928e9375f03e2618', 1, 4, 3, 'CLOSED', '2025-12-30 13:58:09', '2025-12-30 13:59:29');

-- ----------------------------
-- Table structure for course_consultation_message
-- ----------------------------
DROP TABLE IF EXISTS `course_consultation_message`;
CREATE TABLE `course_consultation_message`  (
  `id` bigint NOT NULL AUTO_INCREMENT COMMENT '主键',
  `consultation_id` bigint NOT NULL COMMENT '咨询ID',
  `sender_user_id` bigint NOT NULL COMMENT '发送者用户ID',
  `sender_role` varchar(20) CHARACTER SET utf8mb4 COLLATE utf8mb4_0900_ai_ci NOT NULL COMMENT '发送者角色(USER/COACH/STAFF)',
  `content` text CHARACTER SET utf8mb4 COLLATE utf8mb4_0900_ai_ci NOT NULL COMMENT '消息内容',
  `created_at` datetime NOT NULL DEFAULT CURRENT_TIMESTAMP COMMENT '发送时间',
  PRIMARY KEY (`id`) USING BTREE,
  INDEX `idx_consultation_message_consultation`(`consultation_id` ASC, `id` ASC) USING BTREE
) ENGINE = InnoDB AUTO_INCREMENT = 3 CHARACTER SET = utf8mb4 COLLATE = utf8mb4_0900_ai_ci COMMENT = '课程咨询消息记录' ROW_FORMAT = Dynamic;

-- ----------------------------
-- Records of course_consultation_message
-- ----------------------------
INSERT INTO `course_consultation_message` VALUES (1, 1, 4, 'USER', 'hi', '2025-12-30 13:58:09');
INSERT INTO `course_consultation_message` VALUES (2, 1, 3, 'COACH', 'ok', '2025-12-30 13:59:27');

-- ----------------------------
-- Table structure for course_review
-- ----------------------------
DROP TABLE IF EXISTS `course_review`;
CREATE TABLE `course_review`  (
  `id` bigint NOT NULL AUTO_INCREMENT COMMENT '主键',
  `course_id` bigint NOT NULL COMMENT '课程ID',
  `coach_user_id` bigint NOT NULL COMMENT '教练用户ID',
  `user_id` bigint NOT NULL COMMENT '评价用户ID',
  `booking_id` bigint NULL DEFAULT NULL COMMENT '预约ID',
  `rating` int NOT NULL COMMENT '评分(1-5)',
  `content` varchar(500) CHARACTER SET utf8mb4 COLLATE utf8mb4_0900_ai_ci NULL DEFAULT NULL COMMENT '评价内容',
  `created_at` datetime NOT NULL DEFAULT CURRENT_TIMESTAMP COMMENT '创建时间',
  PRIMARY KEY (`id`) USING BTREE,
  UNIQUE INDEX `uk_course_review_booking_id`(`booking_id` ASC) USING BTREE,
  INDEX `idx_course_review_course_id`(`course_id` ASC) USING BTREE,
  INDEX `idx_course_review_coach_user_id`(`coach_user_id` ASC) USING BTREE,
  INDEX `fk_course_review_user`(`user_id` ASC) USING BTREE,
  CONSTRAINT `fk_course_review_booking` FOREIGN KEY (`booking_id`) REFERENCES `coach_course_booking` (`id`) ON DELETE RESTRICT ON UPDATE RESTRICT,
  CONSTRAINT `fk_course_review_coach` FOREIGN KEY (`coach_user_id`) REFERENCES `sys_user` (`id`) ON DELETE RESTRICT ON UPDATE RESTRICT,
  CONSTRAINT `fk_course_review_course` FOREIGN KEY (`course_id`) REFERENCES `coach_course` (`id`) ON DELETE RESTRICT ON UPDATE RESTRICT,
  CONSTRAINT `fk_course_review_user` FOREIGN KEY (`user_id`) REFERENCES `sys_user` (`id`) ON DELETE RESTRICT ON UPDATE RESTRICT
) ENGINE = InnoDB AUTO_INCREMENT = 3 CHARACTER SET = utf8mb4 COLLATE = utf8mb4_0900_ai_ci COMMENT = '课程评价' ROW_FORMAT = Dynamic;

-- ----------------------------
-- Records of course_review
-- ----------------------------
INSERT INTO `course_review` VALUES (1, 1, 3, 4, 1, 5, '教练很专业，收获很大', '2025-12-25 21:17:27');
INSERT INTO `course_review` VALUES (2, 1, 3, 4, 6, 5, 'nice', '2025-12-30 21:20:42');

-- ----------------------------
-- Table structure for equipment
-- ----------------------------
DROP TABLE IF EXISTS `equipment`;
CREATE TABLE `equipment`  (
  `id` bigint NOT NULL AUTO_INCREMENT COMMENT '主键',
  `category_id` bigint NOT NULL COMMENT '分类ID',
  `name` varchar(100) CHARACTER SET utf8mb4 COLLATE utf8mb4_0900_ai_ci NOT NULL COMMENT '器材名称',
  `spec` varchar(255) CHARACTER SET utf8mb4 COLLATE utf8mb4_0900_ai_ci NULL DEFAULT NULL COMMENT '规格',
  `purpose` varchar(255) CHARACTER SET utf8mb4 COLLATE utf8mb4_0900_ai_ci NULL DEFAULT NULL COMMENT '用途',
  `price` int NOT NULL COMMENT '单价(整数金额)',
  `stock` int NOT NULL DEFAULT 0 COMMENT '库存',
  `cover_url` varchar(255) CHARACTER SET utf8mb4 COLLATE utf8mb4_0900_ai_ci NULL DEFAULT NULL COMMENT '封面图',
  `description` text CHARACTER SET utf8mb4 COLLATE utf8mb4_0900_ai_ci NULL COMMENT '详情',
  `status` varchar(20) CHARACTER SET utf8mb4 COLLATE utf8mb4_0900_ai_ci NOT NULL DEFAULT 'ON_SALE' COMMENT '状态(ON_SALE/OFF_SALE)',
  `created_at` datetime NOT NULL DEFAULT CURRENT_TIMESTAMP COMMENT '创建时间',
  `updated_at` datetime NOT NULL DEFAULT CURRENT_TIMESTAMP ON UPDATE CURRENT_TIMESTAMP COMMENT '更新时间',
  PRIMARY KEY (`id`) USING BTREE,
  INDEX `idx_equipment_category_id`(`category_id` ASC) USING BTREE,
  INDEX `idx_equipment_status`(`status` ASC) USING BTREE,
  CONSTRAINT `fk_equipment_category` FOREIGN KEY (`category_id`) REFERENCES `equipment_category` (`id`) ON DELETE RESTRICT ON UPDATE RESTRICT
) ENGINE = InnoDB AUTO_INCREMENT = 4 CHARACTER SET = utf8mb4 COLLATE = utf8mb4_0900_ai_ci COMMENT = '体育器材' ROW_FORMAT = Dynamic;

-- ----------------------------
-- Records of equipment
-- ----------------------------
INSERT INTO `equipment` VALUES (1, 1, '标准篮球', '7号球', '篮球训练/比赛', 120, 48, '/upload/photo/equipment/ff8c9ec283eb46d897ed0358970b8ad4.jpg', NULL, 'ON_SALE', '2025-12-23 01:45:34', '2025-12-31 03:56:30');
INSERT INTO `equipment` VALUES (2, 2, '护膝', '均码', '运动防护', 58, 99, '/upload/photo/equipment/9f1be7b8543345dbb07674954b69fe54.jpg', NULL, 'ON_SALE', '2025-12-23 01:45:34', '2025-12-29 21:03:32');
INSERT INTO `equipment` VALUES (3, 1, '羽毛球排', NULL, NULL, 3, 199, '/upload/photo/equipment/41843d2561854315b1cf52ddc739e304.jpg', '', 'ON_SALE', '2025-12-29 20:44:20', '2025-12-29 20:44:20');

-- ----------------------------
-- Table structure for equipment_cart_item
-- ----------------------------
DROP TABLE IF EXISTS `equipment_cart_item`;
CREATE TABLE `equipment_cart_item`  (
  `id` bigint NOT NULL AUTO_INCREMENT COMMENT '主键',
  `user_id` bigint NOT NULL COMMENT '用户ID',
  `equipment_id` bigint NOT NULL COMMENT '器材ID',
  `quantity` int NOT NULL COMMENT '数量',
  `created_at` datetime NOT NULL DEFAULT CURRENT_TIMESTAMP COMMENT '创建时间',
  `updated_at` datetime NOT NULL DEFAULT CURRENT_TIMESTAMP ON UPDATE CURRENT_TIMESTAMP COMMENT '更新时间',
  PRIMARY KEY (`id`) USING BTREE,
  UNIQUE INDEX `uk_cart_user_equipment`(`user_id` ASC, `equipment_id` ASC) USING BTREE,
  INDEX `fk_cart_equipment`(`equipment_id` ASC) USING BTREE,
  CONSTRAINT `fk_cart_equipment` FOREIGN KEY (`equipment_id`) REFERENCES `equipment` (`id`) ON DELETE RESTRICT ON UPDATE RESTRICT,
  CONSTRAINT `fk_cart_user` FOREIGN KEY (`user_id`) REFERENCES `sys_user` (`id`) ON DELETE RESTRICT ON UPDATE RESTRICT
) ENGINE = InnoDB AUTO_INCREMENT = 6 CHARACTER SET = utf8mb4 COLLATE = utf8mb4_0900_ai_ci COMMENT = '购物车' ROW_FORMAT = Dynamic;

-- ----------------------------
-- Records of equipment_cart_item
-- ----------------------------

-- ----------------------------
-- Table structure for equipment_category
-- ----------------------------
DROP TABLE IF EXISTS `equipment_category`;
CREATE TABLE `equipment_category`  (
  `id` bigint NOT NULL AUTO_INCREMENT COMMENT '主键',
  `name` varchar(100) CHARACTER SET utf8mb4 COLLATE utf8mb4_0900_ai_ci NOT NULL COMMENT '分类名称',
  `created_at` datetime NOT NULL DEFAULT CURRENT_TIMESTAMP COMMENT '创建时间',
  PRIMARY KEY (`id`) USING BTREE,
  UNIQUE INDEX `uk_equipment_category_name`(`name` ASC) USING BTREE
) ENGINE = InnoDB AUTO_INCREMENT = 3 CHARACTER SET = utf8mb4 COLLATE = utf8mb4_0900_ai_ci COMMENT = '器材分类' ROW_FORMAT = Dynamic;

-- ----------------------------
-- Records of equipment_category
-- ----------------------------
INSERT INTO `equipment_category` VALUES (1, '球类', '2025-12-23 01:45:34');
INSERT INTO `equipment_category` VALUES (2, '护具', '2025-12-23 01:45:34');

-- ----------------------------
-- Table structure for equipment_order
-- ----------------------------
DROP TABLE IF EXISTS `equipment_order`;
CREATE TABLE `equipment_order`  (
  `id` bigint NOT NULL AUTO_INCREMENT COMMENT '主键',
  `order_no` varchar(64) CHARACTER SET utf8mb4 COLLATE utf8mb4_0900_ai_ci NOT NULL COMMENT '订单号',
  `user_id` bigint NOT NULL COMMENT '下单用户ID',
  `total_amount` int NOT NULL COMMENT '订单总额(整数金额)',
  `status` varchar(20) CHARACTER SET utf8mb4 COLLATE utf8mb4_0900_ai_ci NOT NULL DEFAULT 'CREATED' COMMENT '状态(CREATED/PAID/SHIPPED/RECEIVED/CANCELED/REFUNDED)',
  `receiver_name` varchar(50) CHARACTER SET utf8mb4 COLLATE utf8mb4_0900_ai_ci NOT NULL COMMENT '收货人',
  `receiver_phone` varchar(20) CHARACTER SET utf8mb4 COLLATE utf8mb4_0900_ai_ci NOT NULL COMMENT '收货手机号',
  `receiver_address` varchar(255) CHARACTER SET utf8mb4 COLLATE utf8mb4_0900_ai_ci NOT NULL COMMENT '收货地址',
  `logistics_company` varchar(50) CHARACTER SET utf8mb4 COLLATE utf8mb4_0900_ai_ci NULL DEFAULT NULL COMMENT '物流公司',
  `tracking_no` varchar(50) CHARACTER SET utf8mb4 COLLATE utf8mb4_0900_ai_ci NULL DEFAULT NULL COMMENT '快递单号',
  `paid_at` datetime NULL DEFAULT NULL COMMENT '支付时间(钱包扣款)',
  `shipped_at` datetime NULL DEFAULT NULL COMMENT '发货时间',
  `received_at` datetime NULL DEFAULT NULL COMMENT '收货时间',
  `created_at` datetime NOT NULL DEFAULT CURRENT_TIMESTAMP COMMENT '创建时间',
  PRIMARY KEY (`id`) USING BTREE,
  UNIQUE INDEX `uk_equipment_order_no`(`order_no` ASC) USING BTREE,
  INDEX `idx_equipment_order_user_id`(`user_id` ASC) USING BTREE,
  INDEX `idx_equipment_order_status`(`status` ASC) USING BTREE,
  CONSTRAINT `fk_equipment_order_user` FOREIGN KEY (`user_id`) REFERENCES `sys_user` (`id`) ON DELETE RESTRICT ON UPDATE RESTRICT
) ENGINE = InnoDB AUTO_INCREMENT = 5 CHARACTER SET = utf8mb4 COLLATE = utf8mb4_0900_ai_ci COMMENT = '器材订单' ROW_FORMAT = Dynamic;

-- ----------------------------
-- Records of equipment_order
-- ----------------------------
INSERT INTO `equipment_order` VALUES (2, 'ec6086e12c1e4793a032f3aaa759b03e', 1, 59, 'SHIPPED', '张三', '13800000000', 'XX社区1号楼', 'JT', '123213123213132', '2025-12-24 12:59:46', '2025-12-31 11:03:42', NULL, '2025-12-24 12:59:46');
INSERT INTO `equipment_order` VALUES (3, '1fb712a76c7c4900a85d85ee9866b183', 4, 59, 'RECEIVED', '张三', '13800000000', '北京市朝阳区xx路xx号', '顺丰', 'SF621240', '2025-12-28 14:21:58', '2025-12-28 14:21:58', '2025-12-28 14:21:58', '2025-12-28 14:21:58');
INSERT INTO `equipment_order` VALUES (4, 'aaa058e3ef7f490b9a2eff348170dd61', 3, 240, 'RECEIVED', '张三', '13972395688', '河北北京朝阳区1111', 'ko', '123456778790', '2025-12-31 11:56:30', '2025-12-31 11:57:16', '2025-12-31 11:57:51', '2025-12-31 11:56:30');

-- ----------------------------
-- Table structure for equipment_order_item
-- ----------------------------
DROP TABLE IF EXISTS `equipment_order_item`;
CREATE TABLE `equipment_order_item`  (
  `id` bigint NOT NULL AUTO_INCREMENT COMMENT '主键',
  `order_id` bigint NOT NULL COMMENT '订单ID',
  `equipment_id` bigint NOT NULL COMMENT '器材ID',
  `equipment_name` varchar(100) CHARACTER SET utf8mb4 COLLATE utf8mb4_0900_ai_ci NOT NULL COMMENT '器材名称(快照)',
  `price` int NOT NULL COMMENT '成交单价(快照)',
  `quantity` int NOT NULL COMMENT '数量',
  `subtotal` int NOT NULL COMMENT '小计',
  PRIMARY KEY (`id`) USING BTREE,
  INDEX `idx_equipment_order_item_order_id`(`order_id` ASC) USING BTREE,
  INDEX `fk_equipment_order_item_equipment`(`equipment_id` ASC) USING BTREE,
  CONSTRAINT `fk_equipment_order_item_equipment` FOREIGN KEY (`equipment_id`) REFERENCES `equipment` (`id`) ON DELETE RESTRICT ON UPDATE RESTRICT,
  CONSTRAINT `fk_equipment_order_item_order` FOREIGN KEY (`order_id`) REFERENCES `equipment_order` (`id`) ON DELETE RESTRICT ON UPDATE RESTRICT
) ENGINE = InnoDB AUTO_INCREMENT = 5 CHARACTER SET = utf8mb4 COLLATE = utf8mb4_0900_ai_ci COMMENT = '器材订单明细' ROW_FORMAT = Dynamic;

-- ----------------------------
-- Records of equipment_order_item
-- ----------------------------
INSERT INTO `equipment_order_item` VALUES (2, 2, 2, '护膝', 59, 1, 59);
INSERT INTO `equipment_order_item` VALUES (3, 3, 2, '护膝', 59, 1, 59);
INSERT INTO `equipment_order_item` VALUES (4, 4, 1, '标准篮球', 120, 2, 240);

-- ----------------------------
-- Table structure for equipment_review
-- ----------------------------
DROP TABLE IF EXISTS `equipment_review`;
CREATE TABLE `equipment_review`  (
  `id` bigint NOT NULL AUTO_INCREMENT COMMENT '主键',
  `equipment_id` bigint NOT NULL COMMENT '器材ID',
  `user_id` bigint NOT NULL COMMENT '评价用户ID',
  `rating` int NOT NULL COMMENT '评分(1-5)',
  `content` varchar(500) CHARACTER SET utf8mb4 COLLATE utf8mb4_0900_ai_ci NULL DEFAULT NULL COMMENT '评价内容',
  `created_at` datetime NOT NULL DEFAULT CURRENT_TIMESTAMP COMMENT '创建时间',
  PRIMARY KEY (`id`) USING BTREE,
  INDEX `idx_equipment_review_equipment_id`(`equipment_id` ASC) USING BTREE,
  INDEX `idx_equipment_review_user_id`(`user_id` ASC) USING BTREE,
  CONSTRAINT `fk_equipment_review_equipment` FOREIGN KEY (`equipment_id`) REFERENCES `equipment` (`id`) ON DELETE RESTRICT ON UPDATE RESTRICT,
  CONSTRAINT `fk_equipment_review_user` FOREIGN KEY (`user_id`) REFERENCES `sys_user` (`id`) ON DELETE RESTRICT ON UPDATE RESTRICT
) ENGINE = InnoDB AUTO_INCREMENT = 3 CHARACTER SET = utf8mb4 COLLATE = utf8mb4_0900_ai_ci COMMENT = '器材评价' ROW_FORMAT = Dynamic;

-- ----------------------------
-- Records of equipment_review
-- ----------------------------
INSERT INTO `equipment_review` VALUES (1, 2, 4, 5, '很好用，T29联调测试评价', '2025-12-28 14:21:58');
INSERT INTO `equipment_review` VALUES (2, 1, 3, 5, 'nice', '2025-12-31 11:58:04');

-- ----------------------------
-- Table structure for favorite
-- ----------------------------
DROP TABLE IF EXISTS `favorite`;
CREATE TABLE `favorite`  (
  `id` bigint NOT NULL AUTO_INCREMENT COMMENT '主键',
  `user_id` bigint NOT NULL COMMENT '用户ID',
  `target_type` varchar(20) CHARACTER SET utf8mb4 COLLATE utf8mb4_0900_ai_ci NOT NULL COMMENT '收藏类型(VENUE/COACH/COURSE/EQUIPMENT/VIDEO)',
  `target_id` bigint NOT NULL COMMENT '收藏目标ID',
  `created_at` datetime NOT NULL DEFAULT CURRENT_TIMESTAMP COMMENT '创建时间',
  PRIMARY KEY (`id`) USING BTREE,
  UNIQUE INDEX `uk_favorite_user_target`(`user_id` ASC, `target_type` ASC, `target_id` ASC) USING BTREE,
  INDEX `idx_favorite_target`(`target_type` ASC, `target_id` ASC) USING BTREE,
  CONSTRAINT `fk_favorite_user` FOREIGN KEY (`user_id`) REFERENCES `sys_user` (`id`) ON DELETE RESTRICT ON UPDATE RESTRICT
) ENGINE = InnoDB AUTO_INCREMENT = 13 CHARACTER SET = utf8mb4 COLLATE = utf8mb4_0900_ai_ci COMMENT = '收藏' ROW_FORMAT = Dynamic;

-- ----------------------------
-- Records of favorite
-- ----------------------------
INSERT INTO `favorite` VALUES (5, 1, 'COURSE', 1, '2025-12-30 08:59:54');
INSERT INTO `favorite` VALUES (6, 1, 'VIDEO', 1, '2025-12-30 09:00:14');
INSERT INTO `favorite` VALUES (7, 3, 'EQUIPMENT', 1, '2025-12-30 13:59:13');
INSERT INTO `favorite` VALUES (9, 4, 'VENUE', 2, '2025-12-30 14:01:15');
INSERT INTO `favorite` VALUES (10, 4, 'EQUIPMENT', 2, '2025-12-30 14:01:19');
INSERT INTO `favorite` VALUES (11, 4, 'COURSE', 1, '2025-12-30 14:01:27');
INSERT INTO `favorite` VALUES (12, 4, 'VIDEO', 1, '2025-12-30 14:01:59');

-- ----------------------------
-- Table structure for home_banner
-- ----------------------------
DROP TABLE IF EXISTS `home_banner`;
CREATE TABLE `home_banner`  (
  `id` bigint NOT NULL AUTO_INCREMENT COMMENT '主键',
  `title` varchar(100) CHARACTER SET utf8mb4 COLLATE utf8mb4_0900_ai_ci NULL DEFAULT NULL COMMENT '标题',
  `image_url` varchar(255) CHARACTER SET utf8mb4 COLLATE utf8mb4_0900_ai_ci NOT NULL COMMENT '图片URL',
  `link_url` varchar(255) CHARACTER SET utf8mb4 COLLATE utf8mb4_0900_ai_ci NULL DEFAULT NULL COMMENT '跳转URL',
  `sort_order` int NOT NULL DEFAULT 0 COMMENT '排序',
  `enabled` tinyint NOT NULL DEFAULT 1 COMMENT '是否启用(1是,0否)',
  `created_at` datetime NOT NULL DEFAULT CURRENT_TIMESTAMP COMMENT '创建时间',
  PRIMARY KEY (`id`) USING BTREE
) ENGINE = InnoDB AUTO_INCREMENT = 3 CHARACTER SET = utf8mb4 COLLATE = utf8mb4_0900_ai_ci COMMENT = '首页轮播图' ROW_FORMAT = Dynamic;

-- ----------------------------
-- Records of home_banner
-- ----------------------------
INSERT INTO `home_banner` VALUES (1, '轮播-测试1', '/upload/photo/banner/e614d9d5b4e34660a4dbee7cc924b98b.jpg', 'https://www.baidu.com/', 10, 1, '2025-12-28 13:42:34');
INSERT INTO `home_banner` VALUES (2, 'hello', '/upload/photo/banner/559cf59f58b2442499107e31b1ff8bac.jpg', 'https://www.baidu.com/', 1, 1, '2025-12-30 08:02:26');

-- ----------------------------
-- Table structure for notice
-- ----------------------------
DROP TABLE IF EXISTS `notice`;
CREATE TABLE `notice`  (
  `id` bigint NOT NULL AUTO_INCREMENT COMMENT '主键',
  `title` varchar(200) CHARACTER SET utf8mb4 COLLATE utf8mb4_0900_ai_ci NOT NULL COMMENT '标题',
  `notice_type` varchar(50) CHARACTER SET utf8mb4 COLLATE utf8mb4_0900_ai_ci NOT NULL COMMENT '类型(ACTIVITY/SYSTEM/VENUE_ADJUST/POLICY)',
  `content` text CHARACTER SET utf8mb4 COLLATE utf8mb4_0900_ai_ci NOT NULL COMMENT '内容',
  `cover_url` varchar(255) CHARACTER SET utf8mb4 COLLATE utf8mb4_0900_ai_ci NULL DEFAULT NULL COMMENT '封面',
  `published` tinyint NOT NULL DEFAULT 1 COMMENT '是否发布(1是,0否)',
  `publish_at` datetime NOT NULL DEFAULT CURRENT_TIMESTAMP COMMENT '发布时间',
  `publisher_user_id` bigint NOT NULL COMMENT '发布人(管理员)',
  PRIMARY KEY (`id`) USING BTREE,
  INDEX `idx_notice_publish_at`(`publish_at` ASC) USING BTREE,
  INDEX `fk_notice_publisher`(`publisher_user_id` ASC) USING BTREE,
  CONSTRAINT `fk_notice_publisher` FOREIGN KEY (`publisher_user_id`) REFERENCES `sys_user` (`id`) ON DELETE RESTRICT ON UPDATE RESTRICT
) ENGINE = InnoDB AUTO_INCREMENT = 3 CHARACTER SET = utf8mb4 COLLATE = utf8mb4_0900_ai_ci COMMENT = '公告/活动' ROW_FORMAT = Dynamic;

-- ----------------------------
-- Records of notice
-- ----------------------------
INSERT INTO `notice` VALUES (1, '系统上线公告', 'SYSTEM', '社区运动场地管理系统已上线，欢迎体验。', '/upload/photo/notice/ea8c66e2f007421789f23c978a16dd4e.jpg', 1, '2025-12-23 01:45:34', 1);
INSERT INTO `notice` VALUES (2, '公告-测试1', 'SYSTEM', '<p>这里是富文本HTML内容</p><p><b>加粗</b></p>', '/upload/photo/notice/f7d07fd2930d4eb69247eaaaf6c03704.jpg', 1, '2025-12-28 13:41:59', 1);

-- ----------------------------
-- Table structure for staff_inspection_report
-- ----------------------------
DROP TABLE IF EXISTS `staff_inspection_report`;
CREATE TABLE `staff_inspection_report`  (
  `id` bigint NOT NULL AUTO_INCREMENT COMMENT '主键',
  `staff_user_id` bigint NOT NULL COMMENT '员工用户ID',
  `region` varchar(100) CHARACTER SET utf8mb4 COLLATE utf8mb4_0900_ai_ci NULL DEFAULT NULL COMMENT '负责区域(快照)',
  `target_type` varchar(20) CHARACTER SET utf8mb4 COLLATE utf8mb4_0900_ai_ci NOT NULL COMMENT '关联对象类型(VENUE/EQUIPMENT/OTHER)',
  `venue_id` bigint NULL DEFAULT NULL COMMENT '场地ID(target_type=VENUE)',
  `equipment_id` bigint NULL DEFAULT NULL COMMENT '器材ID(target_type=EQUIPMENT)',
  `issue_type` varchar(20) CHARACTER SET utf8mb4 COLLATE utf8mb4_0900_ai_ci NOT NULL COMMENT '问题类型(MAINTENANCE/REPAIR/SHORTAGE/DAMAGE/OTHER)',
  `content` varchar(1000) CHARACTER SET utf8mb4 COLLATE utf8mb4_0900_ai_ci NOT NULL COMMENT '上报内容',
  `attachments` varchar(2000) CHARACTER SET utf8mb4 COLLATE utf8mb4_0900_ai_ci NULL DEFAULT NULL COMMENT '附件URL数组(JSON)',
  `status` varchar(20) CHARACTER SET utf8mb4 COLLATE utf8mb4_0900_ai_ci NOT NULL COMMENT '状态(SUBMITTED/IN_PROGRESS/RESOLVED)',
  `created_at` datetime NOT NULL DEFAULT CURRENT_TIMESTAMP COMMENT '创建时间',
  `updated_at` datetime NOT NULL DEFAULT CURRENT_TIMESTAMP ON UPDATE CURRENT_TIMESTAMP COMMENT '更新时间',
  `resolved_at` datetime NULL DEFAULT NULL COMMENT '解决时间',
  PRIMARY KEY (`id`) USING BTREE,
  INDEX `idx_staff_created_at`(`staff_user_id` ASC, `created_at` ASC) USING BTREE,
  INDEX `idx_region`(`region` ASC) USING BTREE
) ENGINE = InnoDB AUTO_INCREMENT = 2 CHARACTER SET = utf8mb4 COLLATE = utf8mb4_0900_ai_ci COMMENT = '员工巡检/维护上报表' ROW_FORMAT = Dynamic;

-- ----------------------------
-- Records of staff_inspection_report
-- ----------------------------
INSERT INTO `staff_inspection_report` VALUES (1, 5, '二区', 'VENUE', 4, NULL, 'MAINTENANCE', '测试内容aaaaaaaaa', '[\"/upload/photo/inspection/cd3a04f5769944059659dd8fb45eeb11.jpg\"]', 'RESOLVED', '2025-12-30 21:32:55', '2025-12-31 10:02:59', '2025-12-31 10:02:59');

-- ----------------------------
-- Table structure for staff_profile
-- ----------------------------
DROP TABLE IF EXISTS `staff_profile`;
CREATE TABLE `staff_profile`  (
  `user_id` bigint NOT NULL COMMENT '员工用户ID',
  `real_name` varchar(50) CHARACTER SET utf8mb4 COLLATE utf8mb4_0900_ai_ci NULL DEFAULT NULL COMMENT '姓名',
  `department` varchar(50) CHARACTER SET utf8mb4 COLLATE utf8mb4_0900_ai_ci NULL DEFAULT NULL COMMENT '部门',
  `position` varchar(50) CHARACTER SET utf8mb4 COLLATE utf8mb4_0900_ai_ci NULL DEFAULT NULL COMMENT '职位',
  `region` varchar(100) CHARACTER SET utf8mb4 COLLATE utf8mb4_0900_ai_ci NULL DEFAULT NULL COMMENT '负责区域',
  `created_at` datetime NOT NULL DEFAULT CURRENT_TIMESTAMP COMMENT '创建时间',
  `updated_at` datetime NOT NULL DEFAULT CURRENT_TIMESTAMP ON UPDATE CURRENT_TIMESTAMP COMMENT '更新时间',
  PRIMARY KEY (`user_id`) USING BTREE,
  CONSTRAINT `fk_staff_profile_user` FOREIGN KEY (`user_id`) REFERENCES `sys_user` (`id`) ON DELETE RESTRICT ON UPDATE RESTRICT
) ENGINE = InnoDB CHARACTER SET = utf8mb4 COLLATE = utf8mb4_0900_ai_ci COMMENT = '员工资料表' ROW_FORMAT = Dynamic;

-- ----------------------------
-- Records of staff_profile
-- ----------------------------
INSERT INTO `staff_profile` VALUES (5, '李四', '运营', '巡检', '二区', '2025-12-28 21:38:09', '2025-12-28 21:38:09');

-- ----------------------------
-- Table structure for sys_config
-- ----------------------------
DROP TABLE IF EXISTS `sys_config`;
CREATE TABLE `sys_config`  (
  `id` bigint NOT NULL AUTO_INCREMENT COMMENT '主键',
  `cfg_key` varchar(100) CHARACTER SET utf8mb4 COLLATE utf8mb4_0900_ai_ci NOT NULL COMMENT '配置键',
  `cfg_value` varchar(255) CHARACTER SET utf8mb4 COLLATE utf8mb4_0900_ai_ci NOT NULL COMMENT '配置值',
  `remark` varchar(255) CHARACTER SET utf8mb4 COLLATE utf8mb4_0900_ai_ci NULL DEFAULT NULL COMMENT '备注',
  `created_at` datetime NOT NULL DEFAULT CURRENT_TIMESTAMP COMMENT '创建时间',
  `updated_at` datetime NOT NULL DEFAULT CURRENT_TIMESTAMP ON UPDATE CURRENT_TIMESTAMP COMMENT '更新时间',
  PRIMARY KEY (`id`) USING BTREE,
  UNIQUE INDEX `uk_sys_config_key`(`cfg_key` ASC) USING BTREE
) ENGINE = InnoDB AUTO_INCREMENT = 4 CHARACTER SET = utf8mb4 COLLATE = utf8mb4_0900_ai_ci COMMENT = '系统配置表' ROW_FORMAT = Dynamic;

-- ----------------------------
-- Records of sys_config
-- ----------------------------
INSERT INTO `sys_config` VALUES (1, 'signin.daily_reward', '100', '每日签到奖励', '2025-12-23 01:45:34', '2025-12-23 01:45:34');
INSERT INTO `sys_config` VALUES (2, 'signin.week_streak_days', '7', '连续签到天数(触发额外奖励)', '2025-12-23 01:45:34', '2025-12-23 01:45:34');
INSERT INTO `sys_config` VALUES (3, 'signin.week_bonus', '300', '连续签到额外奖励', '2025-12-23 01:45:34', '2025-12-23 01:45:34');

-- ----------------------------
-- Table structure for sys_role
-- ----------------------------
DROP TABLE IF EXISTS `sys_role`;
CREATE TABLE `sys_role`  (
  `id` bigint NOT NULL AUTO_INCREMENT COMMENT '主键',
  `code` varchar(50) CHARACTER SET utf8mb4 COLLATE utf8mb4_0900_ai_ci NOT NULL COMMENT '角色编码(ADMIN/STAFF/USER/COACH)',
  `name` varchar(100) CHARACTER SET utf8mb4 COLLATE utf8mb4_0900_ai_ci NOT NULL COMMENT '角色名称',
  `created_at` datetime NOT NULL DEFAULT CURRENT_TIMESTAMP COMMENT '创建时间',
  PRIMARY KEY (`id`) USING BTREE,
  UNIQUE INDEX `uk_sys_role_code`(`code` ASC) USING BTREE
) ENGINE = InnoDB AUTO_INCREMENT = 5 CHARACTER SET = utf8mb4 COLLATE = utf8mb4_0900_ai_ci COMMENT = '角色表' ROW_FORMAT = Dynamic;

-- ----------------------------
-- Records of sys_role
-- ----------------------------
INSERT INTO `sys_role` VALUES (1, 'ADMIN', '管理员', '2025-12-23 01:45:34');
INSERT INTO `sys_role` VALUES (2, 'STAFF', '员工', '2025-12-23 01:45:34');
INSERT INTO `sys_role` VALUES (3, 'USER', '用户', '2025-12-23 01:45:34');
INSERT INTO `sys_role` VALUES (4, 'COACH', '体育教练', '2025-12-23 01:45:34');

-- ----------------------------
-- Table structure for sys_user
-- ----------------------------
DROP TABLE IF EXISTS `sys_user`;
CREATE TABLE `sys_user`  (
  `id` bigint NOT NULL AUTO_INCREMENT COMMENT '主键',
  `username` varchar(50) CHARACTER SET utf8mb4 COLLATE utf8mb4_0900_ai_ci NOT NULL COMMENT '用户名(登录账号)',
  `password_hash` varchar(100) CHARACTER SET utf8mb4 COLLATE utf8mb4_0900_ai_ci NOT NULL COMMENT '密码(BCrypt)',
  `phone` varchar(20) CHARACTER SET utf8mb4 COLLATE utf8mb4_0900_ai_ci NULL DEFAULT NULL COMMENT '手机号',
  `email` varchar(100) CHARACTER SET utf8mb4 COLLATE utf8mb4_0900_ai_ci NULL DEFAULT NULL COMMENT '邮箱',
  `nickname` varchar(50) CHARACTER SET utf8mb4 COLLATE utf8mb4_0900_ai_ci NULL DEFAULT NULL COMMENT '昵称',
  `avatar_url` varchar(255) CHARACTER SET utf8mb4 COLLATE utf8mb4_0900_ai_ci NULL DEFAULT NULL COMMENT '头像',
  `status` tinyint NOT NULL DEFAULT 1 COMMENT '状态(1启用,0禁用)',
  `last_login_at` datetime NULL DEFAULT NULL COMMENT '最后登录时间',
  `created_at` datetime NOT NULL DEFAULT CURRENT_TIMESTAMP COMMENT '创建时间',
  `updated_at` datetime NOT NULL DEFAULT CURRENT_TIMESTAMP ON UPDATE CURRENT_TIMESTAMP COMMENT '更新时间',
  PRIMARY KEY (`id`) USING BTREE,
  UNIQUE INDEX `uk_sys_user_username`(`username` ASC) USING BTREE,
  UNIQUE INDEX `uk_sys_user_phone`(`phone` ASC) USING BTREE,
  UNIQUE INDEX `uk_sys_user_email`(`email` ASC) USING BTREE
) ENGINE = InnoDB AUTO_INCREMENT = 7 CHARACTER SET = utf8mb4 COLLATE = utf8mb4_0900_ai_ci COMMENT = '系统用户表(统一账号体系)' ROW_FORMAT = Dynamic;

-- ----------------------------
-- Records of sys_user
-- ----------------------------
INSERT INTO `sys_user` VALUES (1, 'admin', '$2b$12$E9ICrgzZsBRyAdKVvk/zo.z/ntSGccVTWNh9kBo6mVzqDQeWEVV7S', NULL, NULL, '管理员', '/upload/photo/avatar/750f7ab52d4e40b4820a4fd129be8161.png', 1, '2025-12-31 13:19:48', '2025-12-23 01:45:34', '2025-12-29 14:19:35');
INSERT INTO `sys_user` VALUES (3, 'u001', '$2a$12$2ADwXZjlTocneJfdNT2ijuJSvCaQ6kVNb/TcxR5bYb86k.fKrfGoG', NULL, NULL, '用户1', '/upload/photo/avatar/43d94f7fa2864f519ff3324f5406d057.jpg', 1, '2025-12-31 13:57:24', '2025-12-24 05:36:05', '2025-12-29 14:09:49');
INSERT INTO `sys_user` VALUES (4, 'u002', '$2a$12$S/AmfSZ.X.r6nPB/5mbSSuGWx0YPqPvLlJRTjP.56R2/9XqDwtOEa', '13972395684', 'jjx_00001@2925.com', 'u002用户', '/upload/photo/avatar/9cc99e4fdf174816b7de90e13de04231.jpg', 1, '2025-12-31 14:18:52', '2025-12-25 04:32:12', '2025-12-31 13:33:32');
INSERT INTO `sys_user` VALUES (5, 'staff_4925', '$2a$12$KT6JblYtNOf/tJgv2seqSuwNbcAhalbQI4GZZmR1Pz1oM/F.I.buG', NULL, NULL, '测试员工4925', '/upload/photo/avatar/4457491bcbbc4764bdce121b83cebb95.jpg', 1, '2025-12-31 13:26:13', '2025-12-28 13:38:08', '2025-12-29 21:10:23');
INSERT INTO `sys_user` VALUES (6, 'test', '$2a$12$Dj5GtqWwrMXyBPcjmM4/LOqeSp31x9og/jxJo.QS7yNh85OnkGwp6', NULL, '188416254@qq.com', '123', '/upload/photo/avatar/ac786add0be941d2ab0c592ea7389a5c.jpg', 1, '2025-12-31 13:56:44', '2025-12-31 05:28:49', '2025-12-31 13:56:05');

-- ----------------------------
-- Table structure for sys_user_role
-- ----------------------------
DROP TABLE IF EXISTS `sys_user_role`;
CREATE TABLE `sys_user_role`  (
  `id` bigint NOT NULL AUTO_INCREMENT COMMENT '主键',
  `user_id` bigint NOT NULL COMMENT '用户ID',
  `role_id` bigint NOT NULL COMMENT '角色ID',
  `created_at` datetime NOT NULL DEFAULT CURRENT_TIMESTAMP COMMENT '创建时间',
  PRIMARY KEY (`id`) USING BTREE,
  UNIQUE INDEX `uk_sys_user_role`(`user_id` ASC, `role_id` ASC) USING BTREE,
  INDEX `idx_sys_user_role_role_id`(`role_id` ASC) USING BTREE,
  CONSTRAINT `fk_sys_user_role_role` FOREIGN KEY (`role_id`) REFERENCES `sys_role` (`id`) ON DELETE RESTRICT ON UPDATE RESTRICT,
  CONSTRAINT `fk_sys_user_role_user` FOREIGN KEY (`user_id`) REFERENCES `sys_user` (`id`) ON DELETE RESTRICT ON UPDATE RESTRICT
) ENGINE = InnoDB AUTO_INCREMENT = 11 CHARACTER SET = utf8mb4 COLLATE = utf8mb4_0900_ai_ci COMMENT = '用户-角色关联表' ROW_FORMAT = Dynamic;

-- ----------------------------
-- Records of sys_user_role
-- ----------------------------
INSERT INTO `sys_user_role` VALUES (1, 1, 1, '2025-12-23 01:45:34');
INSERT INTO `sys_user_role` VALUES (2, 3, 3, '2025-12-24 13:36:05');
INSERT INTO `sys_user_role` VALUES (3, 3, 4, '2025-12-24 20:30:55');
INSERT INTO `sys_user_role` VALUES (4, 4, 3, '2025-12-25 12:32:12');
INSERT INTO `sys_user_role` VALUES (5, 5, 2, '2025-12-28 21:38:09');
INSERT INTO `sys_user_role` VALUES (6, 5, 3, '2025-12-28 21:38:09');
INSERT INTO `sys_user_role` VALUES (10, 6, 3, '2025-12-31 13:28:50');

-- ----------------------------
-- Table structure for user_address
-- ----------------------------
DROP TABLE IF EXISTS `user_address`;
CREATE TABLE `user_address`  (
  `id` bigint NOT NULL AUTO_INCREMENT COMMENT '主键',
  `user_id` bigint NOT NULL COMMENT '用户ID',
  `receiver_name` varchar(50) CHARACTER SET utf8mb4 COLLATE utf8mb4_0900_ai_ci NOT NULL COMMENT '收货人',
  `receiver_phone` varchar(20) CHARACTER SET utf8mb4 COLLATE utf8mb4_0900_ai_ci NOT NULL COMMENT '收货手机号',
  `province` varchar(50) CHARACTER SET utf8mb4 COLLATE utf8mb4_0900_ai_ci NULL DEFAULT NULL COMMENT '省',
  `city` varchar(50) CHARACTER SET utf8mb4 COLLATE utf8mb4_0900_ai_ci NULL DEFAULT NULL COMMENT '市',
  `district` varchar(50) CHARACTER SET utf8mb4 COLLATE utf8mb4_0900_ai_ci NULL DEFAULT NULL COMMENT '区',
  `detail` varchar(255) CHARACTER SET utf8mb4 COLLATE utf8mb4_0900_ai_ci NOT NULL COMMENT '详细地址',
  `is_default` tinyint NOT NULL DEFAULT 0 COMMENT '是否默认(1是,0否)',
  `created_at` datetime NOT NULL DEFAULT CURRENT_TIMESTAMP COMMENT '创建时间',
  `updated_at` datetime NOT NULL DEFAULT CURRENT_TIMESTAMP ON UPDATE CURRENT_TIMESTAMP COMMENT '更新时间',
  PRIMARY KEY (`id`) USING BTREE,
  INDEX `idx_user_address_user_id`(`user_id` ASC) USING BTREE,
  CONSTRAINT `fk_user_address_user` FOREIGN KEY (`user_id`) REFERENCES `sys_user` (`id`) ON DELETE RESTRICT ON UPDATE RESTRICT
) ENGINE = InnoDB AUTO_INCREMENT = 3 CHARACTER SET = utf8mb4 COLLATE = utf8mb4_0900_ai_ci COMMENT = '收货地址表' ROW_FORMAT = Dynamic;

-- ----------------------------
-- Records of user_address
-- ----------------------------
INSERT INTO `user_address` VALUES (2, 3, '张三', '13972395688', '河北', '北京', '朝阳区', '1111', 1, '2025-12-31 11:32:55', '2025-12-31 11:32:55');

-- ----------------------------
-- Table structure for user_message
-- ----------------------------
DROP TABLE IF EXISTS `user_message`;
CREATE TABLE `user_message`  (
  `id` bigint NOT NULL AUTO_INCREMENT COMMENT '主键',
  `user_id` bigint NOT NULL COMMENT '接收用户ID',
  `msg_type` varchar(50) CHARACTER SET utf8mb4 COLLATE utf8mb4_0900_ai_ci NOT NULL COMMENT '消息类型(COURSE_BOOKING/COURSE_REMINDER/SYSTEM等)',
  `title` varchar(200) CHARACTER SET utf8mb4 COLLATE utf8mb4_0900_ai_ci NOT NULL COMMENT '标题',
  `content` text CHARACTER SET utf8mb4 COLLATE utf8mb4_0900_ai_ci NOT NULL COMMENT '内容',
  `ref_type` varchar(50) CHARACTER SET utf8mb4 COLLATE utf8mb4_0900_ai_ci NULL DEFAULT NULL COMMENT '关联业务类型',
  `ref_id` bigint NULL DEFAULT NULL COMMENT '关联业务ID',
  `read_flag` tinyint NOT NULL DEFAULT 0 COMMENT '是否已读(1是,0否)',
  `read_at` datetime NULL DEFAULT NULL COMMENT '阅读时间',
  `created_at` datetime NOT NULL DEFAULT CURRENT_TIMESTAMP COMMENT '创建时间',
  PRIMARY KEY (`id`) USING BTREE,
  INDEX `idx_user_message_user_id`(`user_id` ASC, `created_at` ASC) USING BTREE,
  INDEX `idx_user_message_read_flag`(`user_id` ASC, `read_flag` ASC) USING BTREE
) ENGINE = InnoDB AUTO_INCREMENT = 29 CHARACTER SET = utf8mb4 COLLATE = utf8mb4_0900_ai_ci COMMENT = '站内信/消息中心' ROW_FORMAT = Dynamic;

-- ----------------------------
-- Records of user_message
-- ----------------------------
INSERT INTO `user_message` VALUES (1, 3, 'WITHDRAW', '提现申请已提交', '你的提现申请已提交，等待管理员审核。', 'COACH_WITHDRAW_REQUEST', 1, 1, '2025-12-30 09:01:37', '2025-12-30 07:46:21');
INSERT INTO `user_message` VALUES (2, 3, 'WITHDRAW', '提现审核通过', '你的提现申请已审核通过。', 'COACH_WITHDRAW_REQUEST', 1, 1, '2025-12-30 09:01:37', '2025-12-30 08:58:50');
INSERT INTO `user_message` VALUES (3, 3, 'WITHDRAW', '提现申请已提交', '你的提现申请已提交，等待管理员审核。', 'COACH_WITHDRAW_REQUEST', 2, 1, '2025-12-30 09:10:02', '2025-12-30 09:05:50');
INSERT INTO `user_message` VALUES (4, 3, 'WITHDRAW', '提现审核通过', '你的提现申请已审核通过。', 'COACH_WITHDRAW_REQUEST', 2, 1, '2025-12-30 09:10:02', '2025-12-30 09:06:25');
INSERT INTO `user_message` VALUES (5, 4, 'COURSE_BOOKING', '课程预约已提交', '你的课程预约已提交，等待教练确认。', 'COACH_COURSE_BOOKING', 4, 1, '2025-12-30 11:11:20', '2025-12-30 11:08:51');
INSERT INTO `user_message` VALUES (6, 3, 'COURSE_BOOKING', '有新的课程预约', '你有新的课程预约待处理。', 'COACH_COURSE_BOOKING', 4, 1, '2025-12-30 11:10:38', '2025-12-30 11:08:51');
INSERT INTO `user_message` VALUES (7, 4, 'COURSE_BOOKING', '课程预约已提交', '你的课程预约已提交，等待教练确认。', 'COACH_COURSE_BOOKING', 5, 1, '2025-12-30 11:11:20', '2025-12-30 11:08:55');
INSERT INTO `user_message` VALUES (8, 3, 'COURSE_BOOKING', '有新的课程预约', '你有新的课程预约待处理。', 'COACH_COURSE_BOOKING', 5, 1, '2025-12-30 11:10:38', '2025-12-30 11:08:55');
INSERT INTO `user_message` VALUES (9, 4, 'COURSE_BOOKING', '课程预约已提交', '你的课程预约已提交，等待教练确认。', 'COACH_COURSE_BOOKING', 6, 1, '2025-12-30 11:11:20', '2025-12-30 11:08:59');
INSERT INTO `user_message` VALUES (10, 3, 'COURSE_BOOKING', '有新的课程预约', '你有新的课程预约待处理。', 'COACH_COURSE_BOOKING', 6, 1, '2025-12-30 11:10:38', '2025-12-30 11:08:59');
INSERT INTO `user_message` VALUES (11, 4, 'COURSE_BOOKING', '教练已接单', '你的课程预约已被教练接单，请及时完成支付。', 'COACH_COURSE_BOOKING', 6, 1, '2025-12-30 11:11:20', '2025-12-30 11:10:48');
INSERT INTO `user_message` VALUES (12, 4, 'COURSE_BOOKING', '教练已接单', '你的课程预约已被教练接单，请及时完成支付。', 'COACH_COURSE_BOOKING', 5, 1, '2025-12-30 11:11:20', '2025-12-30 11:10:49');
INSERT INTO `user_message` VALUES (13, 4, 'COURSE_BOOKING', '教练已接单', '你的课程预约已被教练接单，请及时完成支付。', 'COACH_COURSE_BOOKING', 4, 1, '2025-12-30 11:11:20', '2025-12-30 11:10:50');
INSERT INTO `user_message` VALUES (14, 3, 'CONSULTATION', '新的课程咨询', '有用户咨询【篮球基础训练】。', 'COURSE_CONSULTATION', 1, 1, '2025-12-30 13:58:38', '2025-12-30 13:58:09');
INSERT INTO `user_message` VALUES (15, 4, 'CONSULTATION', '教练回复咨询', '教练已回复你的课程咨询。', 'COURSE_CONSULTATION', 1, 1, '2025-12-30 13:59:59', '2025-12-30 13:59:27');
INSERT INTO `user_message` VALUES (16, 4, 'CONSULTATION', '咨询已关闭', '教练已关闭本次咨询。', 'COURSE_CONSULTATION', 1, 1, '2025-12-30 13:59:58', '2025-12-30 13:59:29');
INSERT INTO `user_message` VALUES (17, 4, 'COURSE_BOOKING', '课程预约已支付', '你的课程预约已支付成功。', 'COACH_COURSE_BOOKING', 6, 1, '2025-12-30 21:20:17', '2025-12-30 20:27:29');
INSERT INTO `user_message` VALUES (18, 4, 'COURSE_BOOKING', '课程核销成功', '你的课程已核销成功，祝你运动愉快。', 'COACH_COURSE_BOOKING', 6, 1, '2025-12-30 21:20:16', '2025-12-30 20:28:55');
INSERT INTO `user_message` VALUES (19, 4, 'COURSE_BOOKING', '课程预约已提交', '你的课程预约已提交，等待教练确认。', 'COACH_COURSE_BOOKING', 7, 1, '2025-12-30 23:55:25', '2025-12-30 23:53:35');
INSERT INTO `user_message` VALUES (20, 3, 'COURSE_BOOKING', '有新的课程预约', '你有新的课程预约待处理。', 'COACH_COURSE_BOOKING', 7, 1, '2025-12-30 23:54:24', '2025-12-30 23:53:35');
INSERT INTO `user_message` VALUES (21, 4, 'COURSE_BOOKING', '教练已接单', '你的课程预约已被教练接单，请及时完成支付。', 'COACH_COURSE_BOOKING', 7, 1, '2025-12-30 23:55:24', '2025-12-30 23:54:36');
INSERT INTO `user_message` VALUES (22, 4, 'COURSE_BOOKING', '课程预约已支付', '你的课程预约已支付成功。', 'COACH_COURSE_BOOKING', 7, 1, '2025-12-30 23:57:43', '2025-12-30 23:55:32');
INSERT INTO `user_message` VALUES (23, 4, 'COURSE_BOOKING', '课程核销成功', '你的课程已核销成功，祝你运动愉快。', 'COACH_COURSE_BOOKING', 7, 1, '2025-12-30 23:57:42', '2025-12-30 23:56:30');
INSERT INTO `user_message` VALUES (24, 4, 'COURSE_BOOKING', '课程预约已提交', '你的课程预约已提交，等待教练确认。', 'COACH_COURSE_BOOKING', 8, 1, '2025-12-30 23:57:42', '2025-12-30 23:57:04');
INSERT INTO `user_message` VALUES (25, 3, 'COURSE_BOOKING', '有新的课程预约', '你有新的课程预约待处理。', 'COACH_COURSE_BOOKING', 8, 1, '2025-12-30 23:57:59', '2025-12-30 23:57:04');
INSERT INTO `user_message` VALUES (26, 4, 'COURSE_BOOKING', '教练已接单', '你的课程预约已被教练接单，请及时完成支付。', 'COACH_COURSE_BOOKING', 8, 1, '2025-12-30 23:59:19', '2025-12-30 23:58:09');
INSERT INTO `user_message` VALUES (27, 4, 'COURSE_BOOKING', '课程预约已支付', '你的课程预约已支付成功。', 'COACH_COURSE_BOOKING', 8, 1, '2025-12-31 07:39:56', '2025-12-30 23:59:26');
INSERT INTO `user_message` VALUES (28, 4, 'COURSE_BOOKING', '课程核销成功', '你的课程已核销成功，祝你运动愉快。', 'COACH_COURSE_BOOKING', 8, 1, '2025-12-31 10:06:43', '2025-12-31 07:41:04');

-- ----------------------------
-- Table structure for user_profile
-- ----------------------------
DROP TABLE IF EXISTS `user_profile`;
CREATE TABLE `user_profile`  (
  `user_id` bigint NOT NULL COMMENT '用户ID',
  `real_name` varchar(50) CHARACTER SET utf8mb4 COLLATE utf8mb4_0900_ai_ci NULL DEFAULT NULL COMMENT '真实姓名',
  `gender` varchar(10) CHARACTER SET utf8mb4 COLLATE utf8mb4_0900_ai_ci NULL DEFAULT NULL COMMENT '性别',
  `birthday` date NULL DEFAULT NULL COMMENT '生日',
  `contact_phone` varchar(20) CHARACTER SET utf8mb4 COLLATE utf8mb4_0900_ai_ci NULL DEFAULT NULL COMMENT '联系方式',
  `created_at` datetime NOT NULL DEFAULT CURRENT_TIMESTAMP COMMENT '创建时间',
  `updated_at` datetime NOT NULL DEFAULT CURRENT_TIMESTAMP ON UPDATE CURRENT_TIMESTAMP COMMENT '更新时间',
  PRIMARY KEY (`user_id`) USING BTREE,
  CONSTRAINT `fk_user_profile_user` FOREIGN KEY (`user_id`) REFERENCES `sys_user` (`id`) ON DELETE RESTRICT ON UPDATE RESTRICT
) ENGINE = InnoDB CHARACTER SET = utf8mb4 COLLATE = utf8mb4_0900_ai_ci COMMENT = '普通用户资料' ROW_FORMAT = Dynamic;

-- ----------------------------
-- Records of user_profile
-- ----------------------------

-- ----------------------------
-- Table structure for user_signin_log
-- ----------------------------
DROP TABLE IF EXISTS `user_signin_log`;
CREATE TABLE `user_signin_log`  (
  `id` bigint NOT NULL AUTO_INCREMENT COMMENT '主键',
  `user_id` bigint NOT NULL COMMENT '用户ID',
  `signin_date` date NOT NULL COMMENT '签到日期',
  `daily_reward` int NOT NULL COMMENT '每日签到奖励(默认100)',
  `streak_bonus` int NOT NULL DEFAULT 0 COMMENT '连续签到奖励(如连续7天额外300)',
  `created_at` datetime NOT NULL DEFAULT CURRENT_TIMESTAMP COMMENT '创建时间',
  PRIMARY KEY (`id`) USING BTREE,
  UNIQUE INDEX `uk_user_signin_user_date`(`user_id` ASC, `signin_date` ASC) USING BTREE,
  INDEX `idx_user_signin_date`(`signin_date` ASC) USING BTREE,
  CONSTRAINT `fk_user_signin_user` FOREIGN KEY (`user_id`) REFERENCES `sys_user` (`id`) ON DELETE RESTRICT ON UPDATE RESTRICT
) ENGINE = InnoDB AUTO_INCREMENT = 10 CHARACTER SET = utf8mb4 COLLATE = utf8mb4_0900_ai_ci COMMENT = '签到日志(用于审计/统计，Redis负责实时连续签到计算)' ROW_FORMAT = Dynamic;

-- ----------------------------
-- Records of user_signin_log
-- ----------------------------
INSERT INTO `user_signin_log` VALUES (1, 1, '2025-12-24', 100, 0, '2025-12-24 10:08:01');
INSERT INTO `user_signin_log` VALUES (2, 4, '2025-12-29', 100, 0, '2025-12-29 04:22:35');
INSERT INTO `user_signin_log` VALUES (3, 1, '2025-12-29', 100, 0, '2025-12-29 12:40:45');
INSERT INTO `user_signin_log` VALUES (4, 3, '2025-12-30', 100, 0, '2025-12-30 09:03:57');
INSERT INTO `user_signin_log` VALUES (5, 5, '2025-12-30', 100, 0, '2025-12-30 10:53:02');
INSERT INTO `user_signin_log` VALUES (6, 4, '2025-12-30', 100, 0, '2025-12-30 19:41:33');
INSERT INTO `user_signin_log` VALUES (7, 3, '2025-12-31', 100, 0, '2025-12-31 10:51:28');
INSERT INTO `user_signin_log` VALUES (8, 1, '2025-12-31', 100, 0, '2025-12-31 10:55:33');
INSERT INTO `user_signin_log` VALUES (9, 5, '2025-12-31', 100, 0, '2025-12-31 13:26:18');

-- ----------------------------
-- Table structure for venue
-- ----------------------------
DROP TABLE IF EXISTS `venue`;
CREATE TABLE `venue`  (
  `id` bigint NOT NULL AUTO_INCREMENT COMMENT '主键',
  `type_id` bigint NOT NULL COMMENT '场地类型ID',
  `name` varchar(100) CHARACTER SET utf8mb4 COLLATE utf8mb4_0900_ai_ci NOT NULL COMMENT '场地名称',
  `area` varchar(100) CHARACTER SET utf8mb4 COLLATE utf8mb4_0900_ai_ci NULL DEFAULT NULL COMMENT '场地区域',
  `address` varchar(255) CHARACTER SET utf8mb4 COLLATE utf8mb4_0900_ai_ci NULL DEFAULT NULL COMMENT '场地地址',
  `spec` varchar(255) CHARACTER SET utf8mb4 COLLATE utf8mb4_0900_ai_ci NULL DEFAULT NULL COMMENT '规格/尺寸',
  `open_time_desc` varchar(255) CHARACTER SET utf8mb4 COLLATE utf8mb4_0900_ai_ci NULL DEFAULT NULL COMMENT '开放时间描述',
  `price_per_hour` int NOT NULL DEFAULT 0 COMMENT '时价(整数金额)',
  `contact_phone` varchar(20) CHARACTER SET utf8mb4 COLLATE utf8mb4_0900_ai_ci NULL DEFAULT NULL COMMENT '联系电话',
  `cover_url` varchar(255) CHARACTER SET utf8mb4 COLLATE utf8mb4_0900_ai_ci NULL DEFAULT NULL COMMENT '封面图',
  `description` text CHARACTER SET utf8mb4 COLLATE utf8mb4_0900_ai_ci NULL COMMENT '场地详情',
  `status` varchar(20) CHARACTER SET utf8mb4 COLLATE utf8mb4_0900_ai_ci NOT NULL DEFAULT 'ACTIVE' COMMENT '状态(ACTIVE/MAINTENANCE/DISABLED)',
  `click_count` int NOT NULL DEFAULT 0 COMMENT '点击次数',
  `created_at` datetime NOT NULL DEFAULT CURRENT_TIMESTAMP COMMENT '创建时间',
  `updated_at` datetime NOT NULL DEFAULT CURRENT_TIMESTAMP ON UPDATE CURRENT_TIMESTAMP COMMENT '更新时间',
  PRIMARY KEY (`id`) USING BTREE,
  INDEX `idx_venue_type_id`(`type_id` ASC) USING BTREE,
  INDEX `idx_venue_status`(`status` ASC) USING BTREE,
  CONSTRAINT `fk_venue_type` FOREIGN KEY (`type_id`) REFERENCES `venue_type` (`id`) ON DELETE RESTRICT ON UPDATE RESTRICT
) ENGINE = InnoDB AUTO_INCREMENT = 5 CHARACTER SET = utf8mb4 COLLATE = utf8mb4_0900_ai_ci COMMENT = '场地信息' ROW_FORMAT = Dynamic;

-- ----------------------------
-- Records of venue
-- ----------------------------
INSERT INTO `venue` VALUES (1, 1, '社区篮球场A', '一区', 'XX社区体育中心1号', '标准全场', '08:00-22:00', 50, '13800000000', '[\"/upload/photo/venue/f126e584c0844bbb95b93dde0717f01d.jpg\"]', '室外篮球场，夜间照明良好', 'ACTIVE', 3, '2025-12-23 01:45:34', '2025-12-30 06:00:55');
INSERT INTO `venue` VALUES (2, 2, '社区羽毛球馆B', '二区', 'XX社区体育中心2号', '4片场地', '09:00-21:00', 35, '13800000001', '[\"/upload/photo/venue/e570021f718040319bbcd3686c610892.jpg\"]', '室内羽毛球馆，提供更衣室', 'ACTIVE', 4, '2025-12-23 01:45:34', '2025-12-30 06:01:13');
INSERT INTO `venue` VALUES (3, 1, '社区篮球场A', 'A区', 'XX路XX号', '全场', '09:00-22:00', 50, '13800000000', '[\"/upload/photo/venue/0046ea510d04419691c1ebd8d5417cd5.jpg\"]', '示例场地', 'ACTIVE', 3, '2025-12-24 02:20:58', '2025-12-30 06:01:04');
INSERT INTO `venue` VALUES (4, 1, '社区篮球场C', 'C区', 'AAA', NULL, NULL, 45, NULL, '[\"/upload/photo/venue/9beffd59f8e641b48b4d0cc4b175dd54.jpg\"]', '示例场地', 'ACTIVE', 7, '2025-12-29 11:41:25', '2025-12-30 13:31:16');

-- ----------------------------
-- Table structure for venue_booking
-- ----------------------------
DROP TABLE IF EXISTS `venue_booking`;
CREATE TABLE `venue_booking`  (
  `id` bigint NOT NULL AUTO_INCREMENT COMMENT '主键',
  `booking_no` varchar(64) CHARACTER SET utf8mb4 COLLATE utf8mb4_0900_ai_ci NOT NULL COMMENT '预约单号',
  `user_id` bigint NOT NULL COMMENT '预约用户ID',
  `venue_id` bigint NOT NULL COMMENT '场地ID',
  `timeslot_id` bigint NOT NULL COMMENT '预约时段ID',
  `amount` int NOT NULL COMMENT '应付金额(整数金额)',
  `status` varchar(20) CHARACTER SET utf8mb4 COLLATE utf8mb4_0900_ai_ci NOT NULL DEFAULT 'CREATED' COMMENT '状态(CREATED/PAID/CANCELED/REFUNDED/USED)',
  `verification_code` varchar(32) CHARACTER SET utf8mb4 COLLATE utf8mb4_0900_ai_ci NOT NULL COMMENT '核销码',
  `paid_at` datetime NULL DEFAULT NULL COMMENT '支付时间(钱包扣款)',
  `canceled_at` datetime NULL DEFAULT NULL COMMENT '取消时间',
  `used_at` datetime NULL DEFAULT NULL COMMENT '核销时间',
  `created_at` datetime NOT NULL DEFAULT CURRENT_TIMESTAMP COMMENT '创建时间',
  PRIMARY KEY (`id`) USING BTREE,
  UNIQUE INDEX `uk_venue_booking_no`(`booking_no` ASC) USING BTREE,
  UNIQUE INDEX `uk_venue_booking_timeslot`(`timeslot_id` ASC) USING BTREE,
  INDEX `idx_venue_booking_user_id`(`user_id` ASC) USING BTREE,
  INDEX `idx_venue_booking_status`(`status` ASC) USING BTREE,
  INDEX `fk_venue_booking_venue`(`venue_id` ASC) USING BTREE,
  CONSTRAINT `fk_venue_booking_timeslot` FOREIGN KEY (`timeslot_id`) REFERENCES `venue_timeslot` (`id`) ON DELETE RESTRICT ON UPDATE RESTRICT,
  CONSTRAINT `fk_venue_booking_user` FOREIGN KEY (`user_id`) REFERENCES `sys_user` (`id`) ON DELETE RESTRICT ON UPDATE RESTRICT,
  CONSTRAINT `fk_venue_booking_venue` FOREIGN KEY (`venue_id`) REFERENCES `venue` (`id`) ON DELETE RESTRICT ON UPDATE RESTRICT
) ENGINE = InnoDB AUTO_INCREMENT = 4 CHARACTER SET = utf8mb4 COLLATE = utf8mb4_0900_ai_ci COMMENT = '场地预约单' ROW_FORMAT = Dynamic;

-- ----------------------------
-- Records of venue_booking
-- ----------------------------
INSERT INTO `venue_booking` VALUES (1, 'c56d2b2889074d15a2b9259035180fe9', 1, 3, 4, 50, 'REFUNDED', '690899', '2025-12-24 11:23:22', '2025-12-24 11:23:43', NULL, '2025-12-24 11:23:22');
INSERT INTO `venue_booking` VALUES (2, '7951a146a0c048039feb1e74a6341cda', 1, 3, 5, 50, 'USED', '393985', '2025-12-24 11:23:53', NULL, '2025-12-24 11:23:53', '2025-12-24 11:23:53');
INSERT INTO `venue_booking` VALUES (3, '2cd95331b7734632b4975d155e4c7011', 4, 4, 956, 45, 'PAID', '281243', '2025-12-30 21:28:04', NULL, NULL, '2025-12-30 21:28:04');

-- ----------------------------
-- Table structure for venue_timeslot
-- ----------------------------
DROP TABLE IF EXISTS `venue_timeslot`;
CREATE TABLE `venue_timeslot`  (
  `id` bigint NOT NULL AUTO_INCREMENT COMMENT '主键',
  `venue_id` bigint NOT NULL COMMENT '场地ID',
  `start_time` datetime NOT NULL COMMENT '开始时间',
  `end_time` datetime NOT NULL COMMENT '结束时间',
  `price` int NOT NULL COMMENT '该时段价格(整数金额)',
  `status` varchar(20) CHARACTER SET utf8mb4 COLLATE utf8mb4_0900_ai_ci NOT NULL DEFAULT 'AVAILABLE' COMMENT '状态(AVAILABLE/BOOKED/BLOCKED)',
  `created_at` datetime NOT NULL DEFAULT CURRENT_TIMESTAMP COMMENT '创建时间',
  PRIMARY KEY (`id`) USING BTREE,
  UNIQUE INDEX `uk_venue_timeslot`(`venue_id` ASC, `start_time` ASC, `end_time` ASC) USING BTREE,
  INDEX `idx_venue_timeslot_status`(`status` ASC) USING BTREE,
  CONSTRAINT `fk_venue_timeslot_venue` FOREIGN KEY (`venue_id`) REFERENCES `venue` (`id`) ON DELETE RESTRICT ON UPDATE RESTRICT
) ENGINE = InnoDB AUTO_INCREMENT = 6366 CHARACTER SET = utf8mb4 COLLATE = utf8mb4_0900_ai_ci COMMENT = '场地可预约时段' ROW_FORMAT = Dynamic;

-- ----------------------------
-- Records of venue_timeslot
-- ----------------------------
);
INSERT INTO `venue_timeslot` VALUES (942, 4, '2025-12-31 06:00:00', '2025-12-31 07:00:00', 45, 'AVAILABLE', '2025-12-30 13:25:08');
INSERT INTO `venue_timeslot` VALUES (943, 4, '2025-12-31 07:00:00', '2025-12-31 08:00:00', 45, 'AVAILABLE', '2025-12-30 13:25:08');
INSERT INTO `venue_timeslot` VALUES (944, 4, '2025-12-31 08:00:00', '2025-12-31 09:00:00', 45, 'AVAILABLE', '2025-12-30 13:25:08');
INSERT INTO `venue_timeslot` VALUES (945, 4, '2025-12-31 09:00:00', '2025-12-31 10:00:00', 45, 'AVAILABLE', '2025-12-30 13:25:08');
INSERT INTO `venue_timeslot` VALUES (946, 4, '2025-12-31 10:00:00', '2025-12-31 11:00:00', 45, 'AVAILABLE', '2025-12-30 13:25:08');
INSERT INTO `venue_timeslot` VALUES (947, 4, '2025-12-31 11:00:00', '2025-12-31 12:00:00', 45, 'AVAILABLE', '2025-12-30 13:25:08');
INSERT INTO `venue_timeslot` VALUES (948, 4, '2025-12-31 12:00:00', '2025-12-31 13:00:00', 45, 'AVAILABLE', '2025-12-30 13:25:08');
INSERT INTO `venue_timeslot` VALUES (949, 4, '2025-12-31 13:00:00', '2025-12-31 14:00:00', 45, 'AVAILABLE', '2025-12-30 13:25:08');
INSERT INTO `venue_timeslot` VALUES (950, 4, '2025-12-31 14:00:00', '2025-12-31 15:00:00', 45, 'AVAILABLE', '2025-12-30 13:25:08');
INSERT INTO `venue_timeslot` VALUES (951, 4, '2025-12-31 15:00:00', '2025-12-31 16:00:00', 45, 'AVAILABLE', '2025-12-30 13:25:08');
INSERT INTO `venue_timeslot` VALUES (952, 4, '2025-12-31 16:00:00', '2025-12-31 17:00:00', 45, 'AVAILABLE', '2025-12-30 13:25:08');
INSERT INTO `venue_timeslot` VALUES (953, 4, '2025-12-31 17:00:00', '2025-12-31 18:00:00', 45, 'AVAILABLE', '2025-12-30 13:25:08');
INSERT INTO `venue_timeslot` VALUES (954, 4, '2025-12-31 18:00:00', '2025-12-31 19:00:00', 45, 'AVAILABLE', '2025-12-30 13:25:08');
INSERT INTO `venue_timeslot` VALUES (955, 4, '2025-12-31 19:00:00', '2025-12-31 20:00:00', 45, 'AVAILABLE', '2025-12-30 13:25:08');
INSERT INTO `venue_timeslot` VALUES (956, 4, '2025-12-31 20:00:00', '2025-12-31 21:00:00', 45, 'BOOKED', '2025-12-30 13:25:08');
INSERT INTO `venue_timeslot` VALUES (957, 4, '2025-12-31 21:00:00', '2025-12-31 22:00:00', 45, 'AVAILABLE', '2025-12-30 13:25:08');
INSERT INTO `venue_timeslot` VALUES (958, 4, '2026-01-01 06:00:00', '2026-01-01 07:00:00', 45, 'AVAILABLE', '2025-12-30 13:25:08');
INSERT INTO `venue_timeslot` VALUES (959, 4, '2026-01-01 07:00:00', '2026-01-01 08:00:00', 45, 'AVAILABLE', '2025-12-30 13:25:08');
INSERT INTO `venue_timeslot` VALUES (960, 4, '2026-01-01 08:00:00', '2026-01-01 09:00:00', 45, 'AVAILABLE', '2025-12-30 13:25:08');
INSERT INTO `venue_timeslot` VALUES (961, 4, '2026-01-01 09:00:00', '2026-01-01 10:00:00', 45, 'AVAILABLE', '2025-12-30 13:25:08');
INSERT INTO `venue_timeslot` VALUES (962, 4, '2026-01-01 10:00:00', '2026-01-01 11:00:00', 45, 'AVAILABLE', '2025-12-30 13:25:08');
INSERT INTO `venue_timeslot` VALUES (963, 4, '2026-01-01 11:00:00', '2026-01-01 12:00:00', 45, 'AVAILABLE', '2025-12-30 13:25:08');
INSERT INTO `venue_timeslot` VALUES (964, 4, '2026-01-01 12:00:00', '2026-01-01 13:00:00', 45, 'AVAILABLE', '2025-12-30 13:25:08');
INSERT INTO `venue_timeslot` VALUES (965, 4, '2026-01-01 13:00:00', '2026-01-01 14:00:00', 45, 'AVAILABLE', '2025-12-30 13:25:08');
INSERT INTO `venue_timeslot` VALUES (966, 4, '2026-01-01 14:00:00', '2026-01-01 15:00:00', 45, 'AVAILABLE', '2025-12-30 13:25:08');
INSERT INTO `venue_timeslot` VALUES (967, 4, '2026-01-01 15:00:00', '2026-01-01 16:00:00', 45, 'AVAILABLE', '2025-12-30 13:25:08');
INSERT INTO `venue_timeslot` VALUES (968, 4, '2026-01-01 16:00:00', '2026-01-01 17:00:00', 45, 'AVAILABLE', '2025-12-30 13:25:08');
INSERT INTO `venue_timeslot` VALUES (969, 4, '2026-01-01 17:00:00', '2026-01-01 18:00:00', 45, 'AVAILABLE', '2025-12-30 13:25:08');
INSERT INTO `venue_timeslot` VALUES (970, 4, '2026-01-01 18:00:00', '2026-01-01 19:00:00', 45, 'AVAILABLE', '2025-12-30 13:25:08');
INSERT INTO `venue_timeslot` VALUES (971, 4, '2026-01-01 19:00:00', '2026-01-01 20:00:00', 45, 'AVAILABLE', '2025-12-30 13:25:08');
INSERT INTO `venue_timeslot` VALUES (972, 4, '2026-01-01 20:00:00', '2026-01-01 21:00:00', 45, 'AVAILABLE', '2025-12-30 13:25:08');
INSERT INTO `venue_timeslot` VALUES (973, 4, '2026-01-01 21:00:00', '2026-01-01 22:00:00', 45, 'AVAILABLE', '2025-12-30 13:25:08');
INSERT INTO `venue_timeslot` VALUES (974, 4, '2026-01-02 06:00:00', '2026-01-02 07:00:00', 45, 'AVAILABLE', '2025-12-30 13:25:08');
INSERT INTO `venue_timeslot` VALUES (975, 4, '2026-01-02 07:00:00', '2026-01-02 08:00:00', 45, 'AVAILABLE', '2025-12-30 13:25:08');
INSERT INTO `venue_timeslot` VALUES (976, 4, '2026-01-02 08:00:00', '2026-01-02 09:00:00', 45, 'AVAILABLE', '2025-12-30 13:25:08');
INSERT INTO `venue_timeslot` VALUES (977, 4, '2026-01-02 09:00:00', '2026-01-02 10:00:00', 45, 'AVAILABLE', '2025-12-30 13:25:08');
INSERT INTO `venue_timeslot` VALUES (978, 4, '2026-01-02 10:00:00', '2026-01-02 11:00:00', 45, 'AVAILABLE', '2025-12-30 13:25:08');
INSERT INTO `venue_timeslot` VALUES (979, 4, '2026-01-02 11:00:00', '2026-01-02 12:00:00', 45, 'AVAILABLE', '2025-12-30 13:25:08');
INSERT INTO `venue_timeslot` VALUES (980, 4, '2026-01-02 12:00:00', '2026-01-02 13:00:00', 45, 'AVAILABLE', '2025-12-30 13:25:08');
INSERT INTO `venue_timeslot` VALUES (981, 4, '2026-01-02 13:00:00', '2026-01-02 14:00:00', 45, 'AVAILABLE', '2025-12-30 13:25:08');
INSERT INTO `venue_timeslot` VALUES (982, 4, '2026-01-02 14:00:00', '2026-01-02 15:00:00', 45, 'AVAILABLE', '2025-12-30 13:25:08');
INSERT INTO `venue_timeslot` VALUES (983, 4, '2026-01-02 15:00:00', '2026-01-02 16:00:00', 45, 'AVAILABLE', '2025-12-30 13:25:08');
INSERT INTO `venue_timeslot` VALUES (984, 4, '2026-01-02 16:00:00', '2026-01-02 17:00:00', 45, 'AVAILABLE', '2025-12-30 13:25:08');
INSERT INTO `venue_timeslot` VALUES (985, 4, '2026-01-02 17:00:00', '2026-01-02 18:00:00', 45, 'AVAILABLE', '2025-12-30 13:25:08');
INSERT INTO `venue_timeslot` VALUES (986, 4, '2026-01-02 18:00:00', '2026-01-02 19:00:00', 45, 'AVAILABLE', '2025-12-30 13:25:08');
INSERT INTO `venue_timeslot` VALUES (987, 4, '2026-01-02 19:00:00', '2026-01-02 20:00:00', 45, 'AVAILABLE', '2025-12-30 13:25:08');
INSERT INTO `venue_timeslot` VALUES (988, 4, '2026-01-02 20:00:00', '2026-01-02 21:00:00', 45, 'AVAILABLE', '2025-12-30 13:25:08');
INSERT INTO `venue_timeslot` VALUES (989, 4, '2026-01-02 21:00:00', '2026-01-02 22:00:00', 45, 'AVAILABLE', '2025-12-30 13:25:08');
INSERT INTO `venue_timeslot` VALUES (990, 4, '2026-01-03 06:00:00', '2026-01-03 07:00:00', 45, 'AVAILABLE', '2025-12-30 13:25:08');
INSERT INTO `venue_timeslot` VALUES (991, 4, '2026-01-03 07:00:00', '2026-01-03 08:00:00', 45, 'AVAILABLE', '2025-12-30 13:25:08');
INSERT INTO `venue_timeslot` VALUES (992, 4, '2026-01-03 08:00:00', '2026-01-03 09:00:00', 45, 'AVAILABLE', '2025-12-30 13:25:08');
INSERT INTO `venue_timeslot` VALUES (993, 4, '2026-01-03 09:00:00', '2026-01-03 10:00:00', 45, 'AVAILABLE', '2025-12-30 13:25:08');
INSERT INTO `venue_timeslot` VALUES (994, 4, '2026-01-03 10:00:00', '2026-01-03 11:00:00', 45, 'AVAILABLE', '2025-12-30 13:25:08');
INSERT INTO `venue_timeslot` VALUES (995, 4, '2026-01-03 11:00:00', '2026-01-03 12:00:00', 45, 'AVAILABLE', '2025-12-30 13:25:08');
INSERT INTO `venue_timeslot` VALUES (996, 4, '2026-01-03 12:00:00', '2026-01-03 13:00:00', 45, 'AVAILABLE', '2025-12-30 13:25:08');
INSERT INTO `venue_timeslot` VALUES (997, 4, '2026-01-03 13:00:00', '2026-01-03 14:00:00', 45, 'AVAILABLE', '2025-12-30 13:25:08');
INSERT INTO `venue_timeslot` VALUES (998, 4, '2026-01-03 14:00:00', '2026-01-03 15:00:00', 45, 'AVAILABLE', '2025-12-30 13:25:08');
INSERT INTO `venue_timeslot` VALUES (999, 4, '2026-01-03 15:00:00', '2026-01-03 16:00:00', 45, 'AVAILABLE', '2025-12-30 13:25:08');
INSERT INTO `venue_timeslot` VALUES (1000, 4, '2026-01-03 16:00:00', '2026-01-03 17:00:00', 45, 'AVAILABLE', '2025-12-30 13:25:08');
INSERT INTO `venue_timeslot` VALUES (1001, 4, '2026-01-03 17:00:00', '2026-01-03 18:00:00', 45, 'AVAILABLE', '2025-12-30 13:25:08');
INSERT INTO `venue_timeslot` VALUES (1002, 4, '2026-01-03 18:00:00', '2026-01-03 19:00:00', 45, 'AVAILABLE', '2025-12-30 13:25:08');
INSERT INTO `venue_timeslot` VALUES (1003, 4, '2026-01-03 19:00:00', '2026-01-03 20:00:00', 45, 'AVAILABLE', '2025-12-30 13:25:08');
INSERT INTO `venue_timeslot` VALUES (1004, 4, '2026-01-03 20:00:00', '2026-01-03 21:00:00', 45, 'AVAILABLE', '2025-12-30 13:25:08');
INSERT INTO `venue_timeslot` VALUES (1005, 4, '2026-01-03 21:00:00', '2026-01-03 22:00:00', 45, 'AVAILABLE', '2025-12-30 13:25:08');
INSERT INTO `venue_timeslot` VALUES (1006, 4, '2026-01-04 06:00:00', '2026-01-04 07:00:00', 45, 'AVAILABLE', '2025-12-30 13:25:08');
INSERT INTO `venue_timeslot` VALUES (1007, 4, '2026-01-04 07:00:00', '2026-01-04 08:00:00', 45, 'AVAILABLE', '2025-12-30 13:25:08');
INSERT INTO `venue_timeslot` VALUES (1008, 4, '2026-01-04 08:00:00', '2026-01-04 09:00:00', 45, 'AVAILABLE', '2025-12-30 13:25:08');
INSERT INTO `venue_timeslot` VALUES (1009, 4, '2026-01-04 09:00:00', '2026-01-04 10:00:00', 45, 'AVAILABLE', '2025-12-30 13:25:08');
INSERT INTO `venue_timeslot` VALUES (1010, 4, '2026-01-04 10:00:00', '2026-01-04 11:00:00', 45, 'AVAILABLE', '2025-12-30 13:25:08');
INSERT INTO `venue_timeslot` VALUES (1011, 4, '2026-01-04 11:00:00', '2026-01-04 12:00:00', 45, 'AVAILABLE', '2025-12-30 13:25:08');
INSERT INTO `venue_timeslot` VALUES (1012, 4, '2026-01-04 12:00:00', '2026-01-04 13:00:00', 45, 'AVAILABLE', '2025-12-30 13:25:08');
INSERT INTO `venue_timeslot` VALUES (1013, 4, '2026-01-04 13:00:00', '2026-01-04 14:00:00', 45, 'AVAILABLE', '2025-12-30 13:25:08');
INSERT INTO `venue_timeslot` VALUES (1014, 4, '2026-01-04 14:00:00', '2026-01-04 15:00:00', 45, 'AVAILABLE', '2025-12-30 13:25:08');
INSERT INTO `venue_timeslot` VALUES (1015, 4, '2026-01-04 15:00:00', '2026-01-04 16:00:00', 45, 'AVAILABLE', '2025-12-30 13:25:08');
INSERT INTO `venue_timeslot` VALUES (1016, 4, '2026-01-04 16:00:00', '2026-01-04 17:00:00', 45, 'AVAILABLE', '2025-12-30 13:25:08');
INSERT INTO `venue_timeslot` VALUES (1017, 4, '2026-01-04 17:00:00', '2026-01-04 18:00:00', 45, 'AVAILABLE', '2025-12-30 13:25:08');
INSERT INTO `venue_timeslot` VALUES (1018, 4, '2026-01-04 18:00:00', '2026-01-04 19:00:00', 45, 'AVAILABLE', '2025-12-30 13:25:08');
INSERT INTO `venue_timeslot` VALUES (1019, 4, '2026-01-04 19:00:00', '2026-01-04 20:00:00', 45, 'AVAILABLE', '2025-12-30 13:25:08');
INSERT INTO `venue_timeslot` VALUES (1020, 4, '2026-01-04 20:00:00', '2026-01-04 21:00:00', 45, 'AVAILABLE', '2025-12-30 13:25:08');
INSERT INTO `venue_timeslot` VALUES (1021, 4, '2026-01-04 21:00:00', '2026-01-04 22:00:00', 45, 'AVAILABLE', '2025-12-30 13:25:08');
INSERT INTO `venue_timeslot` VALUES (1022, 4, '2026-01-05 06:00:00', '2026-01-05 07:00:00', 45, 'AVAILABLE', '2025-12-30 13:25:08');
INSERT INTO `venue_timeslot` VALUES (1023, 4, '2026-01-05 07:00:00', '2026-01-05 08:00:00', 45, 'AVAILABLE', '2025-12-30 13:25:08');
INSERT INTO `venue_timeslot` VALUES (1024, 4, '2026-01-05 08:00:00', '2026-01-05 09:00:00', 45, 'AVAILABLE', '2025-12-30 13:25:08');
INSERT INTO `venue_timeslot` VALUES (1025, 4, '2026-01-05 09:00:00', '2026-01-05 10:00:00', 45, 'AVAILABLE', '2025-12-30 13:25:08');
INSERT INTO `venue_timeslot` VALUES (1026, 4, '2026-01-05 10:00:00', '2026-01-05 11:00:00', 45, 'AVAILABLE', '2025-12-30 13:25:08');
INSERT INTO `venue_timeslot` VALUES (1027, 4, '2026-01-05 11:00:00', '2026-01-05 12:00:00', 45, 'AVAILABLE', '2025-12-30 13:25:09');
INSERT INTO `venue_timeslot` VALUES (1028, 4, '2026-01-05 12:00:00', '2026-01-05 13:00:00', 45, 'AVAILABLE', '2025-12-30 13:25:09');
INSERT INTO `venue_timeslot` VALUES (1029, 4, '2026-01-05 13:00:00', '2026-01-05 14:00:00', 45, 'AVAILABLE', '2025-12-30 13:25:09');
INSERT INTO `venue_timeslot` VALUES (1030, 4, '2026-01-05 14:00:00', '2026-01-05 15:00:00', 45, 'AVAILABLE', '2025-12-30 13:25:09');
INSERT INTO `venue_timeslot` VALUES (1031, 4, '2026-01-05 15:00:00', '2026-01-05 16:00:00', 45, 'AVAILABLE', '2025-12-30 13:25:09');
INSERT INTO `venue_timeslot` VALUES (1032, 4, '2026-01-05 16:00:00', '2026-01-05 17:00:00', 45, 'AVAILABLE', '2025-12-30 13:25:09');
INSERT INTO `venue_timeslot` VALUES (1033, 4, '2026-01-05 17:00:00', '2026-01-05 18:00:00', 45, 'AVAILABLE', '2025-12-30 13:25:09');
INSERT INTO `venue_timeslot` VALUES (1034, 4, '2026-01-05 18:00:00', '2026-01-05 19:00:00', 45, 'AVAILABLE', '2025-12-30 13:25:09');
INSERT INTO `venue_timeslot` VALUES (1035, 4, '2026-01-05 19:00:00', '2026-01-05 20:00:00', 45, 'AVAILABLE', '2025-12-30 13:25:09');
INSERT INTO `venue_timeslot` VALUES (1036, 4, '2026-01-05 20:00:00', '2026-01-05 21:00:00', 45, 'AVAILABLE', '2025-12-30 13:25:09');
INSERT INTO `venue_timeslot` VALUES (1037, 4, '2026-01-05 21:00:00', '2026-01-05 22:00:00', 45, 'AVAILABLE', '2025-12-30 13:25:09');
INSERT INTO `venue_timeslot` VALUES (1038, 4, '2026-01-06 06:00:00', '2026-01-06 07:00:00', 45, 'AVAILABLE', '2025-12-30 13:25:09');
INSERT INTO `venue_timeslot` VALUES (1039, 4, '2026-01-06 07:00:00', '2026-01-06 08:00:00', 45, 'AVAILABLE', '2025-12-30 13:25:09');
INSERT INTO `venue_timeslot` VALUES (1040, 4, '2026-01-06 08:00:00', '2026-01-06 09:00:00', 45, 'AVAILABLE', '2025-12-30 13:25:09');
INSERT INTO `venue_timeslot` VALUES (1041, 4, '2026-01-06 09:00:00', '2026-01-06 10:00:00', 45, 'AVAILABLE', '2025-12-30 13:25:09');
INSERT INTO `venue_timeslot` VALUES (1042, 4, '2026-01-06 10:00:00', '2026-01-06 11:00:00', 45, 'AVAILABLE', '2025-12-30 13:25:09');
INSERT INTO `venue_timeslot` VALUES (1043, 4, '2026-01-06 11:00:00', '2026-01-06 12:00:00', 45, 'AVAILABLE', '2025-12-30 13:25:09');
INSERT INTO `venue_timeslot` VALUES (1044, 4, '2026-01-06 12:00:00', '2026-01-06 13:00:00', 45, 'AVAILABLE', '2025-12-30 13:25:09');
INSERT INTO `venue_timeslot` VALUES (1045, 4, '2026-01-06 13:00:00', '2026-01-06 14:00:00', 45, 'AVAILABLE', '2025-12-30 13:25:09');
INSERT INTO `venue_timeslot` VALUES (1046, 4, '2026-01-06 14:00:00', '2026-01-06 15:00:00', 45, 'AVAILABLE', '2025-12-30 13:25:09');
INSERT INTO `venue_timeslot` VALUES (1047, 4, '2026-01-06 15:00:00', '2026-01-06 16:00:00', 45, 'AVAILABLE', '2025-12-30 13:25:09');
INSERT INTO `venue_timeslot` VALUES (1048, 4, '2026-01-06 16:00:00', '2026-01-06 17:00:00', 45, 'AVAILABLE', '2025-12-30 13:25:09');
INSERT INTO `venue_timeslot` VALUES (1049, 4, '2026-01-06 17:00:00', '2026-01-06 18:00:00', 45, 'AVAILABLE', '2025-12-30 13:25:09');
INSERT INTO `venue_timeslot` VALUES (1050, 4, '2026-01-06 18:00:00', '2026-01-06 19:00:00', 45, 'AVAILABLE', '2025-12-30 13:25:09');
INSERT INTO `venue_timeslot` VALUES (1051, 4, '2026-01-06 19:00:00', '2026-01-06 20:00:00', 45, 'AVAILABLE', '2025-12-30 13:25:09');
INSERT INTO `venue_timeslot` VALUES (1052, 4, '2026-01-06 20:00:00', '2026-01-06 21:00:00', 45, 'AVAILABLE', '2025-12-30 13:25:09');
INSERT INTO `venue_timeslot` VALUES (1053, 4, '2026-01-06 21:00:00', '2026-01-06 22:00:00', 45, 'AVAILABLE', '2025-12-30 13:25:09');
INSERT INTO `venue_timeslot` VALUES (1054, 4, '2026-01-07 06:00:00', '2026-01-07 07:00:00', 45, 'AVAILABLE', '2025-12-30 13:25:09');
INSERT INTO `venue_timeslot` VALUES (1055, 4, '2026-01-07 07:00:00', '2026-01-07 08:00:00', 45, 'AVAILABLE', '2025-12-30 13:25:09');
INSERT INTO `venue_timeslot` VALUES (1056, 4, '2026-01-07 08:00:00', '2026-01-07 09:00:00', 45, 'AVAILABLE', '2025-12-30 13:25:09');
INSERT INTO `venue_timeslot` VALUES (1057, 4, '2026-01-07 09:00:00', '2026-01-07 10:00:00', 45, 'AVAILABLE', '2025-12-30 13:25:09');
INSERT INTO `venue_timeslot` VALUES (1058, 4, '2026-01-07 10:00:00', '2026-01-07 11:00:00', 45, 'AVAILABLE', '2025-12-30 13:25:09');
INSERT INTO `venue_timeslot` VALUES (1059, 4, '2026-01-07 11:00:00', '2026-01-07 12:00:00', 45, 'AVAILABLE', '2025-12-30 13:25:09');
INSERT INTO `venue_timeslot` VALUES (1060, 4, '2026-01-07 12:00:00', '2026-01-07 13:00:00', 45, 'AVAILABLE', '2025-12-30 13:25:09');
INSERT INTO `venue_timeslot` VALUES (1061, 4, '2026-01-07 13:00:00', '2026-01-07 14:00:00', 45, 'AVAILABLE', '2025-12-30 13:25:09');
INSERT INTO `venue_timeslot` VALUES (1062, 4, '2026-01-07 14:00:00', '2026-01-07 15:00:00', 45, 'AVAILABLE', '2025-12-30 13:25:09');
INSERT INTO `venue_timeslot` VALUES (1063, 4, '2026-01-07 15:00:00', '2026-01-07 16:00:00', 45, 'AVAILABLE', '2025-12-30 13:25:09');
INSERT INTO `venue_timeslot` VALUES (1064, 4, '2026-01-07 16:00:00', '2026-01-07 17:00:00', 45, 'AVAILABLE', '2025-12-30 13:25:09');
INSERT INTO `venue_timeslot` VALUES (1065, 4, '2026-01-07 17:00:00', '2026-01-07 18:00:00', 45, 'AVAILABLE', '2025-12-30 13:25:09');
INSERT INTO `venue_timeslot` VALUES (1066, 4, '2026-01-07 18:00:00', '2026-01-07 19:00:00', 45, 'AVAILABLE', '2025-12-30 13:25:09');
INSERT INTO `venue_timeslot` VALUES (1067, 4, '2026-01-07 19:00:00', '2026-01-07 20:00:00', 45, 'AVAILABLE', '2025-12-30 13:25:09');
INSERT INTO `venue_timeslot` VALUES (1068, 4, '2026-01-07 20:00:00', '2026-01-07 21:00:00', 45, 'AVAILABLE', '2025-12-30 13:25:09');
INSERT INTO `venue_timeslot` VALUES (1069, 4, '2026-01-07 21:00:00', '2026-01-07 22:00:00', 45, 'AVAILABLE', '2025-12-30 13:25:09');
IN

-- ----------------------------
-- Table structure for venue_type
-- ----------------------------
DROP TABLE IF EXISTS `venue_type`;
CREATE TABLE `venue_type`  (
  `id` bigint NOT NULL AUTO_INCREMENT COMMENT '主键',
  `name` varchar(100) CHARACTER SET utf8mb4 COLLATE utf8mb4_0900_ai_ci NOT NULL COMMENT '类型名称',
  `created_at` datetime NOT NULL DEFAULT CURRENT_TIMESTAMP COMMENT '创建时间',
  PRIMARY KEY (`id`) USING BTREE,
  UNIQUE INDEX `uk_venue_type_name`(`name` ASC) USING BTREE
) ENGINE = InnoDB AUTO_INCREMENT = 4 CHARACTER SET = utf8mb4 COLLATE = utf8mb4_0900_ai_ci COMMENT = '场地类型' ROW_FORMAT = Dynamic;

-- ----------------------------
-- Records of venue_type
-- ----------------------------
INSERT INTO `venue_type` VALUES (1, '篮球场', '2025-12-23 01:45:34');
INSERT INTO `venue_type` VALUES (2, '羽毛球场', '2025-12-23 01:45:34');
INSERT INTO `venue_type` VALUES (3, '乒乓球室', '2025-12-23 01:45:34');

-- ----------------------------
-- Table structure for venue_verification_log
-- ----------------------------
DROP TABLE IF EXISTS `venue_verification_log`;
CREATE TABLE `venue_verification_log`  (
  `id` bigint NOT NULL AUTO_INCREMENT COMMENT '主键',
  `booking_id` bigint NOT NULL COMMENT '预约单ID',
  `staff_user_id` bigint NOT NULL COMMENT '核销员工ID',
  `verified_at` datetime NOT NULL DEFAULT CURRENT_TIMESTAMP COMMENT '核销时间',
  `result` varchar(20) CHARACTER SET utf8mb4 COLLATE utf8mb4_0900_ai_ci NOT NULL COMMENT '结果(SUCCESS/FAILED)',
  `remark` varchar(255) CHARACTER SET utf8mb4 COLLATE utf8mb4_0900_ai_ci NULL DEFAULT NULL COMMENT '备注',
  PRIMARY KEY (`id`) USING BTREE,
  INDEX `idx_venue_verify_booking_id`(`booking_id` ASC) USING BTREE,
  INDEX `fk_venue_verify_staff`(`staff_user_id` ASC) USING BTREE,
  CONSTRAINT `fk_venue_verify_booking` FOREIGN KEY (`booking_id`) REFERENCES `venue_booking` (`id`) ON DELETE RESTRICT ON UPDATE RESTRICT,
  CONSTRAINT `fk_venue_verify_staff` FOREIGN KEY (`staff_user_id`) REFERENCES `sys_user` (`id`) ON DELETE RESTRICT ON UPDATE RESTRICT
) ENGINE = InnoDB AUTO_INCREMENT = 2 CHARACTER SET = utf8mb4 COLLATE = utf8mb4_0900_ai_ci COMMENT = '场地核销记录' ROW_FORMAT = Dynamic;

-- ----------------------------
-- Records of venue_verification_log
-- ----------------------------
INSERT INTO `venue_verification_log` VALUES (1, 2, 1, '2025-12-24 11:23:53', 'SUCCESS', NULL);

-- ----------------------------
-- Table structure for wallet_account
-- ----------------------------
DROP TABLE IF EXISTS `wallet_account`;
CREATE TABLE `wallet_account`  (
  `user_id` bigint NOT NULL COMMENT '用户ID',
  `balance` int NOT NULL DEFAULT 0 COMMENT '钱包余额(整数金额)',
  `updated_at` datetime NOT NULL DEFAULT CURRENT_TIMESTAMP ON UPDATE CURRENT_TIMESTAMP COMMENT '更新时间',
  PRIMARY KEY (`user_id`) USING BTREE,
  CONSTRAINT `fk_wallet_account_user` FOREIGN KEY (`user_id`) REFERENCES `sys_user` (`id`) ON DELETE RESTRICT ON UPDATE RESTRICT
) ENGINE = InnoDB CHARACTER SET = utf8mb4 COLLATE = utf8mb4_0900_ai_ci COMMENT = '钱包账户表' ROW_FORMAT = Dynamic;

-- ----------------------------
-- Records of wallet_account
-- ----------------------------
INSERT INTO `wallet_account` VALUES (1, 1000000240, '2025-12-31 02:55:33');
INSERT INTO `wallet_account` VALUES (3, 463, '2025-12-31 06:08:46');
INSERT INTO `wallet_account` VALUES (4, 99292, '2025-12-31 06:04:06');
INSERT INTO `wallet_account` VALUES (5, 200, '2025-12-31 05:26:18');
INSERT INTO `wallet_account` VALUES (6, 0, '2025-12-31 05:28:49');

-- ----------------------------
-- Table structure for wallet_topup_request
-- ----------------------------
DROP TABLE IF EXISTS `wallet_topup_request`;
CREATE TABLE `wallet_topup_request`  (
  `id` bigint NOT NULL AUTO_INCREMENT COMMENT '主键',
  `request_no` varchar(64) CHARACTER SET utf8mb4 COLLATE utf8mb4_0900_ai_ci NOT NULL COMMENT '申请单号',
  `user_id` bigint NOT NULL COMMENT '申请人用户ID(用户/教练/员工)',
  `amount` int NOT NULL COMMENT '申请金额(1-9999)',
  `status` varchar(20) CHARACTER SET utf8mb4 COLLATE utf8mb4_0900_ai_ci NOT NULL DEFAULT 'PENDING' COMMENT '状态(PENDING/APPROVED/REJECTED)',
  `remark` varchar(255) CHARACTER SET utf8mb4 COLLATE utf8mb4_0900_ai_ci NULL DEFAULT NULL COMMENT '申请说明/管理员备注',
  `requested_at` datetime NOT NULL DEFAULT CURRENT_TIMESTAMP COMMENT '申请时间',
  `processed_by` bigint NULL DEFAULT NULL COMMENT '处理管理员ID',
  `processed_at` datetime NULL DEFAULT NULL COMMENT '处理时间',
  PRIMARY KEY (`id`) USING BTREE,
  UNIQUE INDEX `uk_wallet_topup_request_no`(`request_no` ASC) USING BTREE,
  INDEX `idx_wallet_topup_user_id`(`user_id` ASC) USING BTREE,
  INDEX `idx_wallet_topup_status`(`status` ASC) USING BTREE,
  CONSTRAINT `fk_wallet_topup_user` FOREIGN KEY (`user_id`) REFERENCES `sys_user` (`id`) ON DELETE RESTRICT ON UPDATE RESTRICT
) ENGINE = InnoDB AUTO_INCREMENT = 3 CHARACTER SET = utf8mb4 COLLATE = utf8mb4_0900_ai_ci COMMENT = '钱包充值申请(管理员审核发放)' ROW_FORMAT = Dynamic;

-- ----------------------------
-- Records of wallet_topup_request
-- ----------------------------
INSERT INTO `wallet_topup_request` VALUES (1, '05ff0f47d3944228bc57007a54bc0c2d', 3, 200, 'APPROVED', '审核通过', '2025-12-24 13:39:55', 1, '2025-12-24 13:40:43');
INSERT INTO `wallet_topup_request` VALUES (2, 'a689de926351405c9a287a4e83757445', 1, 100, 'APPROVED', '测试充值', '2025-12-29 21:06:37', 1, '2025-12-29 21:06:58');

-- ----------------------------
-- Table structure for wallet_transaction
-- ----------------------------
DROP TABLE IF EXISTS `wallet_transaction`;
CREATE TABLE `wallet_transaction`  (
  `id` bigint NOT NULL AUTO_INCREMENT COMMENT '主键',
  `txn_no` varchar(64) CHARACTER SET utf8mb4 COLLATE utf8mb4_0900_ai_ci NOT NULL COMMENT '流水号',
  `user_id` bigint NOT NULL COMMENT '用户ID',
  `txn_type` varchar(50) CHARACTER SET utf8mb4 COLLATE utf8mb4_0900_ai_ci NOT NULL COMMENT '类型(TOPUP/SIGNIN/BOOKING_PAY/REFUND/ADJUST等)',
  `direction` varchar(10) CHARACTER SET utf8mb4 COLLATE utf8mb4_0900_ai_ci NOT NULL COMMENT '方向(IN/OUT)',
  `amount` int NOT NULL COMMENT '金额(整数金额)',
  `ref_type` varchar(50) CHARACTER SET utf8mb4 COLLATE utf8mb4_0900_ai_ci NULL DEFAULT NULL COMMENT '关联业务类型',
  `ref_id` bigint NULL DEFAULT NULL COMMENT '关联业务ID',
  `remark` varchar(255) CHARACTER SET utf8mb4 COLLATE utf8mb4_0900_ai_ci NULL DEFAULT NULL COMMENT '备注',
  `created_at` datetime NOT NULL DEFAULT CURRENT_TIMESTAMP COMMENT '创建时间',
  PRIMARY KEY (`id`) USING BTREE,
  UNIQUE INDEX `uk_wallet_txn_no`(`txn_no` ASC) USING BTREE,
  INDEX `idx_wallet_txn_user_id`(`user_id` ASC) USING BTREE,
  INDEX `idx_wallet_txn_created_at`(`created_at` ASC) USING BTREE,
  CONSTRAINT `fk_wallet_txn_user` FOREIGN KEY (`user_id`) REFERENCES `sys_user` (`id`) ON DELETE RESTRICT ON UPDATE RESTRICT
) ENGINE = InnoDB AUTO_INCREMENT = 37 CHARACTER SET = utf8mb4 COLLATE = utf8mb4_0900_ai_ci COMMENT = '钱包流水表' ROW_FORMAT = Dynamic;

-- ----------------------------
-- Records of wallet_transaction
-- ----------------------------
INSERT INTO `wallet_transaction` VALUES (1, '9456770be34644659df4b088827e629f', 1, 'SIGNIN', 'IN', 100, 'SIGNIN', 1, '每日签到奖励', '2025-12-24 10:08:01');
INSERT INTO `wallet_transaction` VALUES (2, '514b17c456334c30a5b611876d582f0f', 1, 'VENUE_BOOKING', 'OUT', 50, 'VENUE_BOOKING', 1, 'venue booking', '2025-12-24 11:23:22');
INSERT INTO `wallet_transaction` VALUES (3, '63faaed38bf94118b18496b776d08e70', 1, 'VENUE_REFUND', 'IN', 50, 'VENUE_BOOKING', 1, 'venue refund', '2025-12-24 11:23:43');
INSERT INTO `wallet_transaction` VALUES (4, '3b108b94fffb410d8414de3f71738de9', 1, 'VENUE_BOOKING', 'OUT', 50, 'VENUE_BOOKING', 2, 'venue booking', '2025-12-24 11:23:53');
INSERT INTO `wallet_transaction` VALUES (5, 'b8b8f1ac2e8e4f678ea543cfb5fef10f', 1, 'EQUIPMENT_ORDER', 'OUT', 59, 'EQUIPMENT_ORDER', 2, 'equipment order', '2025-12-24 12:59:46');
INSERT INTO `wallet_transaction` VALUES (6, '85552ef20e60473294b9587a7ddfd8c7', 3, 'TOPUP', 'IN', 200, 'WALLET_TOPUP_REQUEST', 1, 'wallet topup', '2025-12-24 13:40:43');
INSERT INTO `wallet_transaction` VALUES (7, 'f76d7e49a4294db89ebc0be7d3ab31a5', 4, 'COURSE_BOOKING', 'OUT', 200, 'COACH_COURSE_BOOKING', 1, 'course booking', '2025-12-25 14:07:39');
INSERT INTO `wallet_transaction` VALUES (8, 'b132743c0c3b4e6aac5977f86a61990b', 4, 'COURSE_BOOKING', 'OUT', 200, 'COACH_COURSE_BOOKING', 3, 'course booking', '2025-12-25 14:14:22');
INSERT INTO `wallet_transaction` VALUES (9, 'd2b3e0f43f5e43a0912ebced47e78c25', 4, 'COURSE_REFUND', 'IN', 200, 'COACH_COURSE_BOOKING', 3, 'course refund', '2025-12-25 14:14:30');
INSERT INTO `wallet_transaction` VALUES (10, 'b5b4d0689ec94b1286c45e02ba15f2ac', 4, 'COACH_VIDEO', 'OUT', 1, 'COACH_VIDEO', 1, 'coach video', '2025-12-28 13:05:20');
INSERT INTO `wallet_transaction` VALUES (11, '7cb35966105c414ca0ca0e559da9292f', 4, 'EQUIPMENT_ORDER', 'OUT', 59, 'EQUIPMENT_ORDER', 3, 'equipment order', '2025-12-28 14:21:58');
INSERT INTO `wallet_transaction` VALUES (12, '8401851097344106a47c07b641215903', 4, 'SIGNIN', 'IN', 100, 'SIGNIN', 2, '每日签到奖励', '2025-12-29 04:22:35');
INSERT INTO `wallet_transaction` VALUES (13, 'f81d00a79e0449b384b73b680004af11', 1, 'SIGNIN', 'IN', 100, 'SIGNIN', 3, '每日签到奖励', '2025-12-29 12:40:45');
INSERT INTO `wallet_transaction` VALUES (14, '0278613cf3d1479685a81aae5ce579c5', 1, 'TOPUP', 'IN', 100, 'WALLET_TOPUP_REQUEST', 2, 'wallet topup', '2025-12-29 21:06:58');
INSERT INTO `wallet_transaction` VALUES (15, '6d58d28f033c4783beda10d0c0659a34', 3, 'WITHDRAW', 'OUT', 100, 'COACH_WITHDRAW_REQUEST', 1, 'withdraw approved', '2025-12-30 08:58:50');
INSERT INTO `wallet_transaction` VALUES (16, '95fb684f62df4ff9a74356f42c3a7546', 3, 'SIGNIN', 'IN', 100, 'SIGNIN', 4, '每日签到奖励', '2025-12-30 09:03:57');
INSERT INTO `wallet_transaction` VALUES (17, 'd201979ab97f4a0e9e224dbd726d90ec', 3, 'WITHDRAW', 'OUT', 200, 'COACH_WITHDRAW_REQUEST', 2, 'withdraw approved', '2025-12-30 09:06:25');
INSERT INTO `wallet_transaction` VALUES (18, '451c1946ff1048249fdbb05129837101', 5, 'SIGNIN', 'IN', 100, 'SIGNIN', 5, '每日签到奖励', '2025-12-30 10:53:02');
INSERT INTO `wallet_transaction` VALUES (19, '2a5c1f0af6274be5bc4519839184444b', 4, 'SIGNIN', 'IN', 100, 'SIGNIN', 6, '每日签到奖励', '2025-12-30 19:41:33');
INSERT INTO `wallet_transaction` VALUES (20, '3e365141e4914dc58dd7cd3b4862051e', 4, 'COURSE_BOOKING', 'OUT', 200, 'COACH_COURSE_BOOKING', 6, 'course booking', '2025-12-30 20:27:29');
INSERT INTO `wallet_transaction` VALUES (21, 'baf08ebf14cc40caaa6eb9f993c68522', 3, 'COACH_COURSE_EARNING', 'IN', 200, 'COACH_COURSE_BOOKING', 6, 'course earning', '2025-12-30 20:28:55');
INSERT INTO `wallet_transaction` VALUES (22, '476168817ac74893b3bbb8835ee58a4b', 3, 'COACH_VIDEO', 'OUT', 100, 'COACH_VIDEO', 1, 'coach video', '2025-12-30 21:03:09');
INSERT INTO `wallet_transaction` VALUES (23, '1d899450cb894ee6981db70e2ea1ac0d', 3, 'COACH_VIDEO_EARNING', 'IN', 100, 'COACH_VIDEO_PURCHASE', 2, 'video earning', '2025-12-30 21:03:09');
INSERT INTO `wallet_transaction` VALUES (24, 'e6e8c72125474093aad1dcf57cf1d55d', 4, 'VENUE_BOOKING', 'OUT', 45, 'VENUE_BOOKING', 3, 'venue booking', '2025-12-30 21:28:04');
INSERT INTO `wallet_transaction` VALUES (25, 'abd4196e92e64195a83532cc39f2c242', 4, 'COURSE_BOOKING', 'OUT', 200, 'COACH_COURSE_BOOKING', 7, 'course booking', '2025-12-30 23:55:32');
INSERT INTO `wallet_transaction` VALUES (26, '7d60f5767bdc47f0a7e1a8a7978a3a22', 3, 'COACH_COURSE_EARNING', 'IN', 200, 'COACH_COURSE_BOOKING', 7, 'course earning', '2025-12-30 23:56:30');
INSERT INTO `wallet_transaction` VALUES (27, 'd1c1136f725f4f64a21b4f3c2786b16a', 4, 'COURSE_BOOKING', 'OUT', 200, 'COACH_COURSE_BOOKING', 8, 'course booking', '2025-12-30 23:59:26');
INSERT INTO `wallet_transaction` VALUES (28, '40967148693b4bdf9ac1a54051a37f18', 3, 'COACH_COURSE_EARNING', 'IN', 200, 'COACH_COURSE_BOOKING', 8, 'course earning', '2025-12-31 07:41:04');
INSERT INTO `wallet_transaction` VALUES (29, 'e8e168c49fae48ec995d1c7408d02844', 3, 'SIGNIN', 'IN', 100, 'SIGNIN', 7, '每日签到奖励', '2025-12-31 10:51:28');
INSERT INTO `wallet_transaction` VALUES (30, '75e0cb8129b04186bc07f672245ccdf0', 1, 'SIGNIN', 'IN', 100, 'SIGNIN', 8, '每日签到奖励', '2025-12-31 10:55:33');
INSERT INTO `wallet_transaction` VALUES (31, 'bb2131317d9d4b5c90c05ea8f58e8916', 3, 'EQUIPMENT_ORDER', 'OUT', 240, 'EQUIPMENT_ORDER', 4, 'equipment order', '2025-12-31 11:56:30');
INSERT INTO `wallet_transaction` VALUES (32, '9dda6c97c6c94c389efa0ddd21e0a58a', 5, 'SIGNIN', 'IN', 100, 'SIGNIN', 9, '每日签到奖励', '2025-12-31 13:26:18');
INSERT INTO `wallet_transaction` VALUES (33, 'b944e6a59046417f897aa35e7bb8f78e', 4, 'COACH_VIDEO', 'OUT', 3, 'COACH_VIDEO', 2, 'coach video', '2025-12-31 14:04:07');
INSERT INTO `wallet_transaction` VALUES (34, '242cc640ab414722bae502c5e2a1e805', 3, 'COACH_VIDEO_EARNING', 'IN', 3, 'COACH_VIDEO_PURCHASE', 3, 'video earning', '2025-12-31 14:04:07');
INSERT INTO `wallet_transaction` VALUES (35, 'be8b2bc67a8b4d6fb0bc843fef376894', 3, 'COACH_VIDEO', 'OUT', 3, 'COACH_VIDEO', 2, 'coach video', '2025-12-31 14:08:46');
INSERT INTO `wallet_transaction` VALUES (36, '185537ad3af94f07a15a79ff8e0039e9', 3, 'COACH_VIDEO_EARNING', 'IN', 3, 'COACH_VIDEO_PURCHASE', 4, 'video earning', '2025-12-31 14:08:46');

SET FOREIGN_KEY_CHECKS = 1;
